region,sexo,edad,s4,s5,yoprcor,yoprcorh,o10,o27,e6a
15,2,26,1.0,22.0,250000.0,250000,48.0,0.0,3
15,1,37,0.0,0.0,260000.0,260000,48.0,0.0,3
15,1,35,0.0,0.0,450000.0,450000,40.0,0.0,3
15,1,11,0.0,0.0,0.0,0,0.0,0.0,1
15,1,5,0.0,0.0,0.0,0,0.0,0.0,1
15,2,27,1.0,22.0,300000.0,300000,60.0,0.0,2
15,1,57,0.0,0.0,400000.0,400000,48.0,0.0,3
15,2,60,2.0,12.0,400000.0,400000,48.0,0.0,3
15,2,61,2.0,33.0,0.0,0,0.0,0.0,3
15,2,72,0.0,0.0,0.0,0,0.0,0.0,2
15,2,23,0.0,0.0,0.0,0,0.0,0.0,3
15,1,28,0.0,0.0,1600000.0,1600000,33.0,0.0,3
15,1,53,0.0,0.0,350000.0,350000,25.0,0.0,3
15,2,21,0.0,0.0,0.0,0,0.0,0.0,3
15,1,23,0.0,0.0,0.0,0,0.0,0.0,2
15,2,52,4.0,20.0,0.0,0,0.0,0.0,2
15,2,37,1.0,23.0,600000.0,600000,45.0,0.0,3
15,2,14,0.0,0.0,0.0,0,0.0,0.0,2
15,2,49,2.0,26.0,350000.0,350000,48.0,0.0,3
15,1,23,0.0,0.0,110000.0,110000,16.0,0.0,3
15,1,9,0.0,0.0,0.0,0,0.0,0.0,1
15,2,93,4.0,22.0,0.0,0,0.0,0.0,1
15,2,58,0.0,0.0,500000.0,500000,40.0,0.0,3
15,1,75,0.0,0.0,0.0,0,0.0,0.0,2
15,2,72,2.0,32.0,0.0,0,0.0,0.0,2
15,1,57,0.0,0.0,800000.0,800000,45.0,0.0,2
15,2,53,4.0,18.0,0.0,0,0.0,0.0,2
15,2,27,2.0,25.0,252000.0,252000,20.0,0.0,2
15,1,25,0.0,0.0,400000.0,400000,45.0,0.0,2
15,1,2,0.0,0.0,0.0,0,0.0,0.0,1
15,1,0,0.0,0.0,0.0,0,0.0,0.0,1
15,1,25,0.0,0.0,300000.0,300000,45.0,0.0,2
15,1,19,0.0,0.0,0.0,0,0.0,0.0,3
15,1,18,0.0,0.0,0.0,0,0.0,0.0,3
15,2,69,5.0,22.0,0.0,0,0.0,0.0,2
15,1,39,0.0,0.0,0.0,0,0.0,0.0,2
15,1,33,0.0,0.0,950000.0,950000,84.0,0.0,3
15,2,30,0.0,0.0,400000.0,400000,30.0,5.0,3
15,1,25,0.0,0.0,700000.0,700000,72.0,0.0,2
15,2,28,1.0,21.0,187000.0,187000,45.0,0.0,2
15,1,7,0.0,0.0,0.0,0,0.0,0.0,1
15,1,60,0.0,0.0,295000.0,295000,45.0,0.0,3
15,2,64,4.0,25.0,0.0,0,0.0,0.0,2
15,2,39,1.0,22.0,259029.0,259029,25.0,0.0,3
15,1,36,0.0,0.0,0.0,0,0.0,0.0,2
15,1,25,0.0,0.0,0.0,0,0.0,0.0,3
15,2,17,0.0,0.0,0.0,0,0.0,0.0,2
15,2,48,3.0,19.0,0.0,0,0.0,0.0,2
15,1,50,0.0,0.0,900000.0,900000,45.0,0.0,3
15,2,21,0.0,0.0,0.0,0,0.0,0.0,3
15,1,13,0.0,0.0,0.0,0,0.0,0.0,1
15,1,42,0.0,0.0,1800000.0,1800000,40.0,0.0,3
15,2,38,3.0,18.0,800000.0,800000,30.0,0.0,3
15,1,20,0.0,0.0,160000.0,160000,16.0,0.0,3
15,1,19,0.0,0.0,0.0,0,0.0,0.0,2
15,1,9,0.0,0.0,0.0,0,0.0,0.0,1
15,2,64,2.0,31.0,120000.0,120000,10.0,0.0,1
15,2,33,0.0,0.0,520823.0,520823,60.0,0.0,3
15,1,20,0.0,0.0,0.0,0,0.0,0.0,3
15,1,39,0.0,0.0,1300000.0,1300000,50.0,0.0,3
15,2,41,3.0,26.0,0.0,0,0.0,0.0,3
15,2,13,0.0,0.0,0.0,0,0.0,0.0,1
15,2,11,0.0,0.0,0.0,0,0.0,0.0,1
15,1,8,0.0,0.0,0.0,0,0.0,0.0,1
15,1,64,0.0,0.0,400000.0,400000,45.0,0.0,3
15,2,63,4.0,27.0,400000.0,400000,45.0,0.0,3
15,2,15,0.0,0.0,0.0,0,0.0,0.0,2
15,1,23,0.0,0.0,370000.0,370000,48.0,0.0,2
15,2,22,1.0,17.0,240000.0,240000,48.0,0.0,3
15,1,57,0.0,0.0,600000.0,600000,84.0,0.0,2
15,1,28,0.0,0.0,250000.0,250000,45.0,0.0,3
15,1,56,0.0,0.0,500000.0,500000,45.0,0.0,2
15,2,58,5.0,19.0,0.0,0,0.0,0.0,2
15,1,29,0.0,0.0,110000.0,110000,30.0,0.0,2
15,2,21,0.0,0.0,220000.0,220000,45.0,0.0,2
15,2,47,2.0,21.0,400000.0,400000,48.0,0.0,3
15,1,15,0.0,0.0,0.0,0,0.0,0.0,2
15,1,28,0.0,0.0,750000.0,750000,60.0,0.0,3
15,2,38,1.0,37.0,334637.0,334637,40.0,0.0,2
15,1,0,0.0,0.0,0.0,0,0.0,0.0,1
15,1,33,0.0,0.0,263000.0,263000,45.0,0.0,3
15,1,40,0.0,0.0,700000.0,700000,40.0,0.0,3
15,2,32,1.0,30.0,800000.0,800000,78.0,0.0,3
15,2,2,0.0,0.0,0.0,0,0.0,0.0,1
15,1,73,0.0,0.0,0.0,0,0.0,0.0,3
15,1,31,0.0,0.0,450000.0,450000,48.0,0.0,2
15,2,33,2.0,30.0,0.0,0,0.0,0.0,2
15,2,5,0.0,0.0,0.0,0,0.0,0.0,1
15,1,12,0.0,0.0,0.0,0,0.0,0.0,1
15,2,80,1.0,28.0,0.0,0,0.0,0.0,2
15,2,52,2.0,22.0,300000.0,300000,45.0,0.0,3
15,2,20,1.0,17.0,213729.0,213729,45.0,0.0,3
15,1,3,0.0,0.0,0.0,0,0.0,0.0,1
15,1,72,0.0,0.0,0.0,0,0.0,0.0,2
15,1,35,0.0,0.0,1600000.0,1600000,40.0,0.0,3
15,2,58,1.0,33.0,0.0,0,0.0,0.0,3
15,1,33,0.0,0.0,1400000.0,1400000,48.0,0.0,3
15,2,30,1.0,27.0,0.0,0,0.0,0.0,3
15,1,3,0.0,0.0,0.0,0,0.0,0.0,1
15,1,60,0.0,0.0,0.0,0,0.0,0.0,2
15,2,68,3.0,23.0,0.0,0,0.0,0.0,3
15,2,59,1.0,33.0,400000.0,400000,60.0,0.0,3
15,2,26,1.0,22.0,0.0,0,0.0,0.0,3
15,2,4,0.0,0.0,0.0,0,0.0,0.0,1
15,1,36,0.0,0.0,400000.0,400000,48.0,0.0,2
15,1,29,0.0,0.0,900000.0,900000,48.0,0.0,3
15,2,28,1.0,25.0,0.0,0,0.0,0.0,2
15,1,45,0.0,0.0,1200000.0,1200000,44.0,0.0,3
15,2,23,2.0,21.0,580000.0,580000,45.0,0.0,2
15,1,25,0.0,0.0,580000.0,580000,45.0,0.0,2
15,1,2,0.0,0.0,0.0,0,0.0,0.0,1
15,2,1,0.0,0.0,0.0,0,0.0,0.0,1
15,2,25,0.0,0.0,500000.0,500000,36.0,2.0,3
15,1,22,0.0,0.0,0.0,0,0.0,0.0,3
15,2,37,2.0,17.0,300000.0,300000,45.0,0.0,2
15,1,14,0.0,0.0,0.0,0,0.0,0.0,1
15,1,21,0.0,0.0,0.0,0,0.0,0.0,3
15,2,34,2.0,21.0,700000.0,700000,40.0,0.0,3
15,1,12,0.0,0.0,0.0,0,0.0,0.0,1
15,1,5,0.0,0.0,0.0,0,0.0,0.0,1
15,1,38,0.0,0.0,600000.0,600000,84.0,0.0,3
15,1,21,0.0,0.0,450000.0,450000,55.0,0.0,3
15,1,18,0.0,0.0,250000.0,250000,55.0,0.0,2
15,1,75,0.0,0.0,0.0,0,0.0,0.0,2
15,2,73,4.0,21.0,0.0,0,0.0,0.0,1
15,1,53,0.0,0.0,250000.0,250000,48.0,0.0,3
15,2,51,2.0,21.0,120000.0,120000,33.0,2.0,2
15,2,13,0.0,0.0,0.0,0,0.0,0.0,1
15,1,59,0.0,0.0,800000.0,800000,74.0,0.0,3
15,2,60,3.0,20.0,100000.0,100000,15.0,0.0,2
15,2,26,1.0,20.0,70000.0,70000,15.0,0.0,3
15,2,6,0.0,0.0,0.0,0,0.0,0.0,1
15,2,50,1.0,21.0,0.0,0,0.0,0.0,2
15,2,29,1.0,20.0,0.0,0,0.0,0.0,3
15,2,9,0.0,0.0,0.0,0,0.0,0.0,1
15,1,67,0.0,0.0,120000.0,120000,48.0,0.0,1
15,2,71,4.0,23.0,0.0,0,0.0,0.0,2
15,1,56,0.0,0.0,1600000.0,1600000,45.0,0.0,3
15,2,51,1.0,18.0,0.0,0,0.0,0.0,3
15,2,69,4.0,22.0,0.0,0,0.0,0.0,2
15,2,67,2.0,22.0,20000.0,20000,2.0,0.0,2
15,1,23,0.0,0.0,0.0,0,0.0,0.0,3
15,2,22,1.0,19.0,500000.0,500000,48.0,0.0,3
15,2,3,0.0,0.0,0.0,0,0.0,0.0,1
15,1,40,0.0,0.0,900000.0,900000,45.0,0.0,3
15,2,39,1.0,29.0,0.0,0,0.0,0.0,2
15,1,10,0.0,0.0,0.0,0,0.0,0.0,1
15,1,84,0.0,0.0,0.0,0,0.0,0.0,2
15,2,85,5.0,24.0,0.0,0,0.0,0.0,1
15,1,45,0.0,0.0,500000.0,500000,48.0,0.0,3
15,1,59,0.0,0.0,800000.0,800000,48.0,0.0,3
15,1,29,0.0,0.0,1100000.0,1100000,48.0,0.0,3
15,1,35,0.0,0.0,600000.0,600000,48.0,0.0,2
15,1,89,0.0,0.0,0.0,0,0.0,0.0,1
15,1,64,0.0,0.0,400000.0,400000,66.0,0.0,3
15,2,73,3.0,19.0,0.0,0,0.0,0.0,1
15,2,58,3.0,20.0,450000.0,450000,40.0,0.0,3
15,1,27,0.0,0.0,300000.0,300000,48.0,0.0,3
15,2,65,5.0,16.0,0.0,0,0.0,0.0,2
15,2,48,2.0,25.0,240000.0,240000,48.0,0.0,2
15,2,8,0.0,0.0,0.0,0,0.0,0.0,1
15,1,23,0.0,0.0,0.0,0,0.0,0.0,2
15,1,66,0.0,0.0,0.0,0,0.0,0.0,1
15,2,35,0.0,0.0,350000.0,350000,84.0,0.0,3
15,2,33,0.0,0.0,380000.0,380000,84.0,0.0,2
15,1,30,0.0,0.0,700000.0,700000,40.0,0.0,3
15,2,27,4.0,14.0,80000.0,80000,12.0,0.0,3
15,1,12,0.0,0.0,0.0,0,0.0,0.0,1
15,2,10,0.0,0.0,0.0,0,0.0,0.0,1
15,1,1,0.0,0.0,0.0,0,0.0,0.0,1
15,1,25,0.0,0.0,650000.0,650000,84.0,0.0,2
15,1,26,0.0,0.0,0.0,0,0.0,0.0,3
15,2,87,4.0,21.0,0.0,0,0.0,0.0,1
15,2,61,0.0,0.0,0.0,0,0.0,0.0,2
15,1,66,0.0,0.0,240000.0,240000,48.0,0.0,2
15,1,40,0.0,0.0,300000.0,300000,84.0,0.0,2
15,1,39,0.0,0.0,500000.0,500000,48.0,0.0,2
15,2,44,2.0,22.0,0.0,0,0.0,0.0,2
15,1,64,0.0,0.0,0.0,0,0.0,0.0,2
15,1,12,0.0,0.0,0.0,0,0.0,0.0,1
15,2,7,0.0,0.0,0.0,0,0.0,0.0,1
15,1,35,0.0,0.0,680000.0,680000,48.0,0.0,3
15,2,29,2.0,21.0,0.0,0,0.0,0.0,3
15,1,2,0.0,0.0,0.0,0,0.0,0.0,1
15,1,7,0.0,0.0,0.0,0,0.0,0.0,1
15,1,36,0.0,0.0,700000.0,700000,48.0,0.0,3
15,2,30,3.0,16.0,0.0,0,0.0,0.0,2
15,1,4,0.0,0.0,0.0,0,0.0,0.0,1
15,1,14,0.0,0.0,0.0,0,0.0,0.0,1
15,2,9,0.0,0.0,0.0,0,0.0,0.0,1
15,1,42,0.0,0.0,1100000.0,1100000,60.0,0.0,3
15,2,48,3.0,20.0,260000.0,260000,48.0,0.0,3
15,2,19,0.0,0.0,0.0,0,0.0,0.0,3
15,1,12,0.0,0.0,0.0,0,0.0,0.0,1
15,1,67,0.0,0.0,0.0,0,0.0,0.0,1
15,2,56,0.0,0.0,0.0,0,0.0,0.0,3
15,2,65,1.0,22.0,0.0,0,0.0,0.0,2
15,1,43,0.0,0.0,500000.0,500000,48.0,0.0,3
15,2,47,4.0,18.0,350000.0,350000,45.0,0.0,2
15,2,28,1.0,20.0,0.0,0,0.0,0.0,2
15,1,8,0.0,0.0,0.0,0,0.0,0.0,1
15,2,26,1.0,21.0,194000.0,194000,30.0,0.0,2
15,1,5,0.0,0.0,0.0,0,0.0,0.0,1
15,1,20,0.0,0.0,240000.0,240000,45.0,0.0,2
15,2,11,0.0,0.0,0.0,0,0.0,0.0,1
15,2,27,2.0,18.0,160000.0,160000,28.0,0.0,2
15,2,8,0.0,0.0,0.0,0,0.0,0.0,1
15,2,1,0.0,0.0,0.0,0,0.0,0.0,1
15,2,43,2.0,20.0,140000.0,140000,21.0,5.0,2
15,2,12,0.0,0.0,0.0,0,0.0,0.0,1
15,2,22,0.0,0.0,0.0,0,0.0,0.0,3
15,2,87,5.0,17.0,0.0,0,0.0,0.0,1
15,2,60,0.0,0.0,0.0,0,0.0,0.0,2
15,1,38,0.0,0.0,250000.0,250000,45.0,0.0,3
15,1,61,0.0,0.0,150000.0,150000,48.0,0.0,2
15,2,52,1.0,30.0,0.0,0,0.0,0.0,2
15,1,22,0.0,0.0,0.0,0,0.0,0.0,3
15,1,80,0.0,0.0,0.0,0,0.0,0.0,3
15,2,67,3.0,24.0,0.0,0,0.0,0.0,2
15,2,78,6.0,18.0,0.0,0,0.0,0.0,1
15,2,51,2.0,19.0,270000.0,270000,48.0,0.0,2
15,1,29,0.0,0.0,0.0,0,0.0,0.0,3
15,1,22,0.0,0.0,250000.0,250000,48.0,0.0,2
15,1,45,0.0,0.0,600000.0,600000,84.0,0.0,2
15,2,60,3.0,17.0,0.0,0,0.0,0.0,1
15,1,53,0.0,0.0,600000.0,600000,48.0,0.0,2
15,1,59,0.0,0.0,0.0,0,0.0,0.0,2
15,2,50,3.0,19.0,0.0,0,0.0,0.0,2
15,1,52,0.0,0.0,300000.0,300000,30.0,0.0,2
15,1,22,0.0,0.0,150000.0,150000,20.0,0.0,3
15,2,31,1.0,19.0,250000.0,250000,40.0,0.0,3
15,1,12,0.0,0.0,0.0,0,0.0,0.0,1
15,1,55,0.0,0.0,500000.0,500000,45.0,0.0,2
15,2,51,4.0,21.0,350000.0,350000,45.0,0.0,3
15,1,11,0.0,0.0,0.0,0,0.0,0.0,1
15,2,22,0.0,0.0,300000.0,300000,25.0,0.0,3
15,1,65,0.0,0.0,350000.0,350000,45.0,0.0,2
15,2,57,3.0,18.0,0.0,0,0.0,0.0,2
15,1,24,0.0,0.0,200000.0,200000,45.0,0.0,2
15,1,24,0.0,0.0,0.0,0,0.0,0.0,2
15,2,35,1.0,31.0,220000.0,220000,45.0,0.0,2
15,1,4,0.0,0.0,0.0,0,0.0,0.0,1
15,2,83,3.0,14.0,0.0,0,0.0,0.0,1
15,1,53,0.0,0.0,80000.0,80000,30.0,0.0,2
15,1,76,0.0,0.0,154000.0,154000,24.0,0.0,2
15,2,58,4.0,21.0,0.0,0,0.0,0.0,3
15,1,26,0.0,0.0,0.0,0,0.0,0.0,3
15,1,31,0.0,0.0,280000.0,280000,45.0,0.0,3
15,2,33,2.0,31.0,500000.0,500000,30.0,0.0,3
15,2,1,0.0,0.0,0.0,0,0.0,0.0,1
15,1,75,0.0,0.0,0.0,0,0.0,0.0,2
15,2,75,9.0,19.0,0.0,0,0.0,0.0,2
15,1,48,0.0,0.0,200000.0,200000,45.0,0.0,2
15,2,84,7.0,18.0,0.0,0,0.0,0.0,1
15,1,72,0.0,0.0,0.0,0,0.0,0.0,1
15,2,52,3.0,19.0,600000.0,600000,54.0,0.0,1
15,1,29,0.0,0.0,0.0,0,0.0,0.0,3
15,1,27,0.0,0.0,0.0,0,0.0,0.0,3
15,2,32,2.0,19.0,200000.0,200000,25.0,0.0,3
15,2,12,0.0,0.0,0.0,0,0.0,0.0,1
15,1,1,0.0,0.0,0.0,0,0.0,0.0,1
15,2,52,2.0,33.0,175000.0,175000,24.0,0.0,2
15,1,29,0.0,0.0,0.0,0,0.0,0.0,2
15,1,24,0.0,0.0,0.0,0,20.0,0.0,3
15,1,8,0.0,0.0,0.0,0,0.0,0.0,1
15,1,26,0.0,0.0,0.0,0,30.0,0.0,2
15,1,50,0.0,0.0,380000.0,380000,48.0,0.0,3
15,2,60,1.0,24.0,260000.0,260000,45.0,0.0,2
15,2,39,0.0,0.0,250000.0,250000,48.0,0.0,3
15,1,65,0.0,0.0,150000.0,150000,42.0,0.0,1
15,2,43,0.0,0.0,80000.0,80000,35.0,0.0,1
15,1,37,0.0,0.0,250000.0,250000,40.0,0.0,1
15,1,28,0.0,0.0,800000.0,800000,84.0,0.0,2
15,2,29,1.0,17.0,0.0,0,0.0,0.0,2
15,1,11,0.0,0.0,0.0,0,0.0,0.0,1
15,1,55,0.0,0.0,350000.0,350000,56.0,0.0,3
15,2,24,0.0,0.0,400000.0,400000,33.0,0.0,3
15,2,29,0.0,0.0,150000.0,150000,48.0,5.0,3
15,1,74,0.0,0.0,220000.0,220000,45.0,0.0,2
15,2,59,2.0,18.0,0.0,0,0.0,0.0,2
15,1,26,0.0,0.0,0.0,0,0.0,0.0,3
15,1,52,0.0,0.0,500000.0,500000,50.0,0.0,2
15,2,50,2.0,25.0,230000.0,230000,45.0,0.0,2
15,2,20,0.0,0.0,0.0,0,0.0,0.0,3
15,2,26,1.0,24.0,160000.0,160000,34.0,0.0,2
15,1,3,0.0,0.0,0.0,0,0.0,0.0,1
15,1,54,0.0,0.0,746000.0,746000,12.0,0.0,3
15,2,42,1.0,23.0,0.0,0,0.0,0.0,2
15,2,87,10.0,99.0,0.0,0,0.0,0.0,2
15,1,19,0.0,0.0,0.0,0,0.0,0.0,2
15,2,79,3.0,39.0,0.0,0,0.0,0.0,1
15,1,40,0.0,0.0,0.0,0,0.0,0.0,2
15,1,40,0.0,0.0,300000.0,300000,60.0,0.0,2
15,1,30,0.0,0.0,453816.0,453816,45.0,0.0,3
15,1,25,0.0,0.0,250000.0,250000,48.0,0.0,2
15,2,25,1.0,18.0,0.0,0,0.0,0.0,2
15,1,7,0.0,0.0,0.0,0,0.0,0.0,1
15,1,70,0.0,0.0,0.0,0,0.0,0.0,1
15,2,72,2.0,26.0,0.0,0,0.0,0.0,1
15,1,46,0.0,0.0,350000.0,350000,40.0,0.0,2
15,2,46,3.0,23.0,0.0,0,0.0,0.0,2
15,2,18,0.0,0.0,0.0,0,0.0,0.0,2
15,2,16,1.0,15.0,0.0,0,0.0,0.0,2
15,1,1,0.0,0.0,0.0,0,0.0,0.0,1
15,1,29,0.0,0.0,200000.0,200000,60.0,0.0,3
15,1,70,0.0,0.0,0.0,0,0.0,0.0,1
15,2,67,1.0,20.0,0.0,0,0.0,0.0,1
15,2,60,3.0,23.0,0.0,0,0.0,0.0,2
15,1,65,0.0,0.0,80000.0,80000,16.0,0.0,1
15,1,36,0.0,0.0,250000.0,250000,45.0,0.0,2
15,1,34,0.0,0.0,198000.0,198000,45.0,0.0,2
15,2,35,1.0,14.0,0.0,0,0.0,0.0,1
15,1,21,0.0,0.0,0.0,0,0.0,0.0,1
15,1,62,0.0,0.0,0.0,0,0.0,0.0,2
15,2,63,2.0,20.0,0.0,0,0.0,0.0,2
15,2,43,0.0,0.0,350000.0,350000,45.0,0.0,2
15,1,65,0.0,0.0,0.0,0,0.0,0.0,1
15,2,51,4.0,21.0,50000.0,50000,16.0,0.0,2
15,1,22,0.0,0.0,300000.0,300000,45.0,0.0,3
15,1,18,0.0,0.0,0.0,0,0.0,0.0,2
15,1,7,0.0,0.0,0.0,0,0.0,0.0,1
15,1,76,0.0,0.0,0.0,0,0.0,0.0,1
15,2,54,3.0,18.0,120000.0,120000,84.0,0.0,1
15,1,81,0.0,0.0,0.0,0,0.0,0.0,2
15,2,18,0.0,0.0,0.0,0,0.0,0.0,2
15,1,62,0.0,0.0,280000.0,280000,48.0,0.0,1
15,2,43,3.0,21.0,0.0,0,0.0,0.0,2
15,1,14,0.0,0.0,0.0,0,0.0,0.0,1
15,2,8,0.0,0.0,0.0,0,0.0,0.0,1
15,2,60,5.0,15.0,20000.0,20000,16.0,0.0,1
15,1,50,0.0,0.0,10000.0,10000,16.0,0.0,1
15,1,50,0.0,0.0,30000.0,30000,20.0,0.0,1
15,1,45,0.0,0.0,221411.0,221411,40.0,0.0,1
15,2,28,0.0,0.0,0.0,0,0.0,0.0,2
15,2,36,2.0,23.0,200000.0,200000,45.0,0.0,1
15,1,70,0.0,0.0,0.0,0,0.0,0.0,1
15,1,45,0.0,0.0,0.0,0,0.0,0.0,1
15,1,37,0.0,0.0,40000.0,40000,48.0,0.0,1
15,1,13,0.0,0.0,0.0,0,0.0,0.0,1
15,1,4,0.0,0.0,0.0,0,0.0,0.0,1
15,2,40,2.0,18.0,180000.0,180000,72.0,0.0,1
15,2,17,0.0,0.0,0.0,0,0.0,0.0,2
15,2,40,3.0,23.0,50000.0,50000,12.0,0.0,1
15,1,4,0.0,0.0,0.0,0,0.0,0.0,1
15,1,1,0.0,0.0,0.0,0,0.0,0.0,1
15,2,6,0.0,0.0,0.0,0,0.0,0.0,1
15,2,31,3.0,20.0,180000.0,180000,48.0,0.0,2
15,2,9,0.0,0.0,0.0,0,0.0,0.0,1
15,2,6,0.0,0.0,0.0,0,0.0,0.0,1
15,2,4,0.0,0.0,0.0,0,0.0,0.0,1
15,2,53,2.0,25.0,200000.0,200000,45.0,0.0,2
15,1,60,0.0,0.0,400000.0,400000,45.0,0.0,2
15,2,20,0.0,0.0,0.0,0,0.0,0.0,3
15,1,21,0.0,0.0,180000.0,180000,45.0,0.0,3
15,1,75,0.0,0.0,0.0,0,0.0,0.0,1
15,2,67,4.0,15.0,80000.0,80000,40.0,0.0,1
15,1,50,0.0,0.0,200000.0,200000,45.0,0.0,2
15,1,47,0.0,0.0,400000.0,400000,30.0,0.0,3
15,1,25,0.0,0.0,140789.0,140789,16.0,0.0,3
15,1,41,0.0,0.0,350000.0,350000,84.0,0.0,2
15,2,37,3.0,22.0,0.0,0,0.0,0.0,2
15,2,15,0.0,0.0,0.0,0,0.0,0.0,2
15,2,6,0.0,0.0,0.0,0,0.0,0.0,1
15,2,2,0.0,0.0,0.0,0,0.0,0.0,1
15,2,17,0.0,0.0,0.0,0,0.0,0.0,2
15,2,73,5.0,22.0,0.0,0,0.0,0.0,1
15,1,49,0.0,0.0,412888.0,412888,45.0,0.0,2
15,1,47,0.0,0.0,250000.0,250000,45.0,0.0,2
15,2,26,2.0,22.0,0.0,0,0.0,0.0,2
15,1,29,0.0,0.0,300000.0,300000,70.0,0.0,2
15,1,4,0.0,0.0,0.0,0,0.0,0.0,1
15,1,9,0.0,0.0,0.0,0,0.0,0.0,1
15,2,76,4.0,20.0,0.0,0,0.0,0.0,1
15,1,84,0.0,0.0,0.0,0,0.0,0.0,1
15,1,48,0.0,0.0,300000.0,300000,90.0,0.0,2
15,2,46,1.0,24.0,200000.0,200000,45.0,0.0,2
15,1,21,0.0,0.0,0.0,0,0.0,0.0,2
15,2,43,4.0,18.0,0.0,0,0.0,0.0,2
15,2,25,1.0,16.0,0.0,0,0.0,0.0,2
15,1,17,0.0,0.0,0.0,0,0.0,0.0,2
15,2,15,0.0,0.0,0.0,0,0.0,0.0,2
15,1,9,0.0,0.0,0.0,0,0.0,0.0,1
15,1,56,0.0,0.0,300000.0,300000,25.0,0.0,3
15,2,48,3.0,19.0,0.0,0,0.0,0.0,1
15,1,29,0.0,0.0,900000.0,900000,45.0,0.0,3
15,1,27,0.0,0.0,250000.0,250000,45.0,0.0,2
15,1,20,0.0,0.0,0.0,0,0.0,0.0,3
15,1,39,0.0,0.0,800000.0,800000,48.0,0.0,3
15,2,74,8.0,17.0,0.0,0,0.0,0.0,1
15,2,25,1.0,17.0,200000.0,200000,45.0,0.0,3
15,2,8,0.0,0.0,0.0,0,0.0,0.0,1
15,2,49,1.0,24.0,200000.0,200000,45.0,0.0,2
15,1,52,0.0,0.0,0.0,0,0.0,0.0,2
15,2,51,2.0,30.0,190000.0,190000,45.0,0.0,2
15,1,21,0.0,0.0,0.0,0,0.0,0.0,3
15,2,14,0.0,0.0,0.0,0,0.0,0.0,2
15,1,47,0.0,0.0,400000.0,400000,48.0,0.0,3
15,2,24,1.0,22.0,580000.0,580000,60.0,0.0,2
15,1,33,0.0,0.0,620597.0,620597,60.0,0.0,2
15,2,2,0.0,0.0,0.0,0,0.0,0.0,1
15,2,73,2.0,24.0,0.0,0,0.0,0.0,1
15,1,71,0.0,0.0,0.0,0,0.0,0.0,2
15,2,77,9.0,16.0,0.0,0,0.0,0.0,1
15,2,49,0.0,0.0,280000.0,280000,40.0,0.0,2
15,1,42,0.0,0.0,0.0,0,0.0,0.0,1
15,1,35,0.0,0.0,0.0,0,0.0,0.0,2
15,2,40,0.0,0.0,240000.0,240000,48.0,0.0,1
15,2,41,3.0,22.0,160000.0,160000,40.0,0.0,2
15,2,19,0.0,0.0,192000.0,192000,43.0,0.0,2
15,2,17,0.0,0.0,0.0,0,0.0,0.0,2
15,2,15,0.0,0.0,0.0,0,0.0,0.0,2
15,1,76,0.0,0.0,0.0,0,0.0,0.0,1
15,2,61,3.0,20.0,0.0,0,0.0,0.0,1
15,1,55,0.0,0.0,200000.0,200000,72.0,0.0,2
15,2,53,4.0,18.0,0.0,0,0.0,0.0,2
15,1,32,0.0,0.0,200000.0,200000,45.0,0.0,3
15,1,29,0.0,0.0,120000.0,120000,14.0,0.0,2
15,2,24,1.0,17.0,0.0,0,0.0,0.0,2
15,1,18,0.0,0.0,200000.0,200000,72.0,0.0,2
15,2,7,0.0,0.0,0.0,0,0.0,0.0,1
15,2,65,5.0,17.0,0.0,0,0.0,0.0,1
15,1,55,0.0,0.0,200000.0,200000,45.0,0.0,1
15,2,56,4.0,17.0,120000.0,120000,18.0,0.0,1
15,2,62,4.0,25.0,0.0,0,0.0,0.0,2
15,2,27,1.0,25.0,493712.0,493712,36.0,0.0,3
15,2,2,0.0,0.0,0.0,0,0.0,0.0,1
15,2,63,5.0,20.0,0.0,0,0.0,0.0,1
15,2,35,1.0,34.0,250000.0,250000,48.0,0.0,3
15,2,1,0.0,0.0,0.0,0,0.0,0.0,1
15,1,65,0.0,0.0,230000.0,230000,50.0,0.0,1
15,2,61,3.0,24.0,0.0,0,0.0,0.0,2
15,1,23,0.0,0.0,0.0,0,0.0,0.0,2
15,2,81,3.0,25.0,0.0,0,0.0,0.0,2
15,1,51,0.0,0.0,3000000.0,3000000,84.0,0.0,3
15,2,43,3.0,29.0,0.0,0,0.0,0.0,3
15,2,14,0.0,0.0,0.0,0,0.0,0.0,1
15,2,12,0.0,0.0,0.0,0,0.0,0.0,1
15,2,6,0.0,0.0,0.0,0,0.0,0.0,1
15,2,54,0.0,0.0,280000.0,280000,45.0,0.0,2
15,2,74,3.0,18.0,0.0,0,0.0,0.0,1
15,1,42,0.0,0.0,2500000.0,2500000,44.0,0.0,3
15,2,39,1.0,33.0,660000.0,660000,44.0,0.0,3
15,2,6,0.0,0.0,0.0,0,0.0,0.0,1
15,1,42,0.0,0.0,1500000.0,1500000,45.0,0.0,3
15,2,38,3.0,31.0,1100000.0,1100000,45.0,0.0,3
15,2,7,0.0,0.0,0.0,0,0.0,0.0,1
15,1,5,0.0,0.0,0.0,0,0.0,0.0,1
15,2,1,0.0,0.0,0.0,0,0.0,0.0,1
15,1,46,0.0,0.0,2000000.0,2000000,40.0,0.0,3
15,2,38,2.0,23.0,1800000.0,1800000,45.0,0.0,3
15,1,54,0.0,0.0,1256509.0,1256509,45.0,0.0,3
15,1,20,0.0,0.0,0.0,0,0.0,0.0,3
15,2,28,0.0,0.0,0.0,0,0.0,0.0,3
15,2,53,2.0,25.0,800000.0,800000,45.0,0.0,3
15,1,46,0.0,0.0,1200000.0,1200000,45.0,0.0,3
15,2,46,2.0,24.0,900000.0,900000,45.0,0.0,3
15,1,73,0.0,0.0,0.0,0,0.0,0.0,1
15,1,35,0.0,0.0,1000000.0,1000000,84.0,0.0,3
15,2,63,2.0,18.0,300000.0,300000,45.0,0.0,2
15,1,60,0.0,0.0,800000.0,800000,45.0,0.0,2
15,2,55,1.0,28.0,0.0,0,0.0,0.0,2
15,2,60,1.0,43.0,0.0,0,0.0,0.0,2
15,1,27,0.0,0.0,0.0,0,0.0,0.0,3
15,2,17,0.0,0.0,0.0,0,0.0,0.0,2
15,1,23,0.0,0.0,400000.0,400000,36.0,0.0,3
15,1,83,0.0,0.0,0.0,0,0.0,0.0,2
15,2,90,2.0,99.0,0.0,0,0.0,0.0,3
15,1,50,0.0,0.0,783000.0,783000,30.0,0.0,3
15,2,86,2.0,20.0,0.0,0,0.0,0.0,2
15,2,62,3.0,19.0,260000.0,260000,45.0,0.0,3
15,2,60,99.0,0.0,0.0,0,0.0,0.0,1
15,2,33,3.0,15.0,0.0,0,0.0,0.0,1
15,1,44,0.0,0.0,0.0,0,0.0,0.0,1
15,1,69,0.0,0.0,0.0,0,0.0,0.0,2
15,2,66,1.0,26.0,0.0,0,0.0,0.0,2
15,2,38,1.0,30.0,2000000.0,2000000,45.0,0.0,3
15,1,8,0.0,0.0,0.0,0,0.0,0.0,1
15,2,87,1.0,27.0,0.0,0,0.0,0.0,2
15,2,59,1.0,36.0,0.0,0,0.0,0.0,2
15,1,58,0.0,0.0,210000.0,210000,45.0,0.0,2
15,2,22,0.0,0.0,210000.0,210000,45.0,0.0,3
15,1,33,0.0,0.0,100000.0,100000,8.0,0.0,3
15,1,48,0.0,0.0,380986.0,380986,70.0,0.0,2
15,2,45,2.0,23.0,0.0,0,0.0,0.0,2
15,2,87,99.0,0.0,0.0,0,0.0,0.0,1
15,2,10,0.0,0.0,0.0,0,0.0,0.0,1
15,2,20,0.0,0.0,0.0,0,0.0,0.0,2
15,2,40,3.0,19.0,150000.0,150000,30.0,0.0,3
15,1,38,0.0,0.0,274211.0,274211,48.0,0.0,2
15,1,22,0.0,0.0,0.0,0,0.0,0.0,3
15,2,12,0.0,0.0,0.0,0,0.0,0.0,1
15,2,7,0.0,0.0,0.0,0,0.0,0.0,1
15,1,29,0.0,0.0,500000.0,500000,36.0,0.0,2
15,2,27,1.0,22.0,170000.0,170000,35.0,0.0,2
15,2,4,0.0,0.0,0.0,0,0.0,0.0,1
15,1,52,0.0,0.0,250000.0,250000,72.0,0.0,1
15,2,62,6.0,19.0,0.0,0,0.0,0.0,1
15,1,65,0.0,0.0,180000.0,180000,20.0,0.0,1
15,2,40,2.0,33.0,440879.0,440879,4.0,0.0,2
15,2,7,0.0,0.0,0.0,0,0.0,0.0,1
15,1,5,0.0,0.0,0.0,0,0.0,0.0,1
15,1,32,0.0,0.0,508155.0,508155,70.0,0.0,2
15,2,30,0.0,0.0,493712.0,493712,20.0,0.0,3
15,2,52,6.0,18.0,100000.0,100000,55.0,0.0,2
15,1,54,0.0,0.0,400000.0,400000,55.0,0.0,2
15,2,12,0.0,0.0,0.0,0,0.0,0.0,1
15,2,21,1.0,18.0,0.0,0,0.0,0.0,2
15,2,87,8.0,22.0,0.0,0,0.0,0.0,1
15,1,42,0.0,0.0,300000.0,300000,48.0,0.0,2
15,1,55,0.0,0.0,300000.0,300000,45.0,0.0,2
15,2,54,3.0,25.0,0.0,0,0.0,0.0,2
15,1,21,0.0,0.0,0.0,0,0.0,0.0,3
15,2,72,2.0,18.0,0.0,0,0.0,0.0,1
15,1,72,0.0,0.0,200000.0,200000,40.0,0.0,1
15,2,68,4.0,17.0,0.0,0,0.0,0.0,2
15,2,27,0.0,0.0,500000.0,500000,30.0,0.0,3
15,1,30,0.0,0.0,0.0,0,0.0,0.0,99
15,1,40,0.0,0.0,0.0,0,0.0,0.0,3
15,1,41,0.0,0.0,550000.0,550000,45.0,0.0,2
15,1,29,0.0,0.0,0.0,0,0.0,0.0,3
15,2,51,2.0,20.0,350000.0,350000,45.0,2.0,2
15,1,31,0.0,0.0,100000.0,100000,24.0,2.0,2
15,1,9,0.0,0.0,0.0,0,0.0,0.0,1
15,2,57,4.0,17.0,200000.0,200000,49.0,0.0,1
15,1,27,0.0,0.0,0.0,0,0.0,0.0,3
15,1,25,0.0,0.0,0.0,0,0.0,0.0,3
15,2,42,0.0,0.0,2000000.0,2000000,45.0,0.0,3
15,1,44,0.0,0.0,500000.0,500000,60.0,0.0,2
15,1,74,0.0,0.0,10000.0,10000,48.0,0.0,2
15,2,72,3.0,99.0,0.0,0,0.0,0.0,2
15,1,38,0.0,0.0,250000.0,250000,45.0,0.0,2
15,1,74,0.0,0.0,0.0,0,0.0,0.0,2
15,2,72,7.0,15.0,50000.0,50000,6.0,0.0,1
15,1,40,0.0,0.0,280000.0,280000,70.0,0.0,2
15,2,40,2.0,18.0,0.0,0,0.0,0.0,2
15,2,20,1.0,15.0,0.0,0,0.0,0.0,2
15,1,16,0.0,0.0,0.0,0,0.0,0.0,2
15,2,4,0.0,0.0,0.0,0,0.0,0.0,1
15,1,20,0.0,0.0,260000.0,260000,45.0,0.0,1
15,1,42,0.0,0.0,241000.0,241000,40.0,0.0,2
15,2,35,2.0,18.0,150000.0,150000,30.0,0.0,2
15,2,17,0.0,0.0,0.0,0,0.0,0.0,2
15,2,14,0.0,0.0,0.0,0,0.0,0.0,2
15,2,31,4.0,15.0,0.0,0,0.0,0.0,2
15,1,35,0.0,0.0,500000.0,500000,45.0,0.0,2
15,1,15,0.0,0.0,0.0,0,0.0,0.0,2
15,2,10,0.0,0.0,0.0,0,0.0,0.0,1
15,2,6,0.0,0.0,0.0,0,0.0,0.0,1
15,2,3,0.0,0.0,0.0,0,0.0,0.0,1
15,1,25,0.0,0.0,0.0,0,0.0,0.0,2
15,2,42,4.0,15.0,90000.0,90000,25.0,0.0,2
15,2,23,0.0,0.0,95000.0,95000,20.0,0.0,3
15,2,19,0.0,0.0,0.0,0,0.0,0.0,3
15,2,17,0.0,0.0,0.0,0,0.0,0.0,2
15,2,60,3.0,19.0,0.0,0,0.0,0.0,1
15,1,35,0.0,0.0,200000.0,200000,45.0,0.0,2
15,1,5,0.0,0.0,0.0,0,0.0,0.0,1
15,1,58,0.0,0.0,100000.0,100000,40.0,0.0,3
15,2,56,2.0,28.0,2000000.0,2000000,50.0,0.0,3
15,1,17,0.0,0.0,0.0,0,0.0,0.0,2
15,1,77,0.0,0.0,0.0,0,0.0,0.0,2
15,2,74,4.0,18.0,0.0,0,0.0,0.0,2
15,2,24,0.0,0.0,400000.0,400000,40.0,0.0,3
15,1,52,0.0,0.0,360000.0,360000,48.0,0.0,1
15,2,50,3.0,20.0,300000.0,300000,48.0,0.0,2
15,1,23,0.0,0.0,0.0,0,0.0,0.0,3
15,1,28,0.0,0.0,600000.0,600000,40.0,0.0,3
15,1,59,0.0,0.0,500000.0,500000,44.0,0.0,2
15,2,62,1.0,39.0,500000.0,500000,44.0,0.0,1
15,1,22,0.0,0.0,0.0,0,0.0,0.0,1
15,1,51,0.0,0.0,300000.0,300000,40.0,0.0,2
15,1,42,0.0,0.0,0.0,0,0.0,0.0,3
15,2,39,2.0,16.0,340000.0,340000,64.0,0.0,2
15,1,12,0.0,0.0,0.0,0,0.0,0.0,1
15,2,67,1.0,28.0,0.0,0,0.0,0.0,1
15,2,38,0.0,0.0,800000.0,800000,40.0,0.0,3
15,1,50,0.0,0.0,400000.0,400000,42.0,0.0,2
15,2,48,1.0,25.0,400000.0,400000,42.0,0.0,3
15,2,23,0.0,0.0,200000.0,200000,14.0,0.0,3
15,1,69,0.0,0.0,100000.0,100000,24.0,0.0,2
15,2,69,5.0,15.0,100000.0,100000,24.0,0.0,2
15,2,32,2.0,13.0,184737.0,184737,48.0,0.0,2
15,2,17,99.0,0.0,0.0,0,0.0,0.0,2
15,1,19,0.0,0.0,0.0,0,0.0,0.0,3
15,2,80,2.0,32.0,0.0,0,0.0,0.0,2
15,2,48,2.0,22.0,700000.0,700000,54.0,0.0,2
15,2,59,4.0,25.0,500000.0,500000,45.0,0.0,3
15,2,21,0.0,0.0,0.0,0,0.0,0.0,3
15,2,30,1.0,27.0,0.0,0,0.0,0.0,3
15,1,2,0.0,0.0,0.0,0,0.0,0.0,1
15,2,84,3.0,25.0,0.0,0,0.0,0.0,2
15,2,72,2.0,25.0,0.0,0,0.0,0.0,4
15,1,71,0.0,0.0,0.0,0,0.0,0.0,2
15,1,16,0.0,0.0,0.0,0,0.0,0.0,2
15,2,37,0.0,0.0,330000.0,330000,40.0,0.0,2
15,1,49,0.0,0.0,3000000.0,3000000,48.0,0.0,3
15,2,48,4.0,21.0,1000000.0,1000000,48.0,0.0,3
15,2,25,0.0,0.0,1000000.0,1000000,48.0,0.0,3
15,1,7,0.0,0.0,0.0,0,0.0,0.0,1
15,1,77,0.0,0.0,0.0,0,0.0,0.0,2
15,2,71,3.0,20.0,0.0,0,0.0,0.0,2
15,1,50,0.0,0.0,200000.0,200000,45.0,0.0,2
15,2,25,2.0,21.0,0.0,0,0.0,0.0,2
15,1,25,0.0,0.0,100000.0,100000,28.0,2.0,2
15,1,4,0.0,0.0,0.0,0,0.0,0.0,1
15,2,1,0.0,0.0,0.0,0,0.0,0.0,1
15,1,53,0.0,0.0,2000000.0,2000000,84.0,0.0,3
15,2,41,3.0,18.0,0.0,0,0.0,0.0,3
15,2,85,3.0,20.0,0.0,0,0.0,0.0,1
15,2,8,0.0,0.0,0.0,0,0.0,0.0,1
15,1,11,0.0,0.0,0.0,0,0.0,0.0,1
15,1,39,0.0,0.0,3000000.0,3000000,40.0,0.0,4
15,2,34,0.0,0.0,1000000.0,1000000,24.0,0.0,4
15,2,60,1.0,27.0,1000000.0,1000000,40.0,0.0,4
15,1,32,0.0,0.0,480000.0,480000,84.0,2.0,2
15,2,28,2.0,16.0,0.0,0,0.0,0.0,3
15,2,3,0.0,0.0,0.0,0,0.0,0.0,1
15,2,56,5.0,18.0,0.0,0,0.0,0.0,2
15,2,25,0.0,0.0,180000.0,180000,30.0,0.0,3
15,2,33,1.0,30.0,800000.0,800000,43.0,0.0,3
15,1,34,0.0,0.0,600000.0,600000,48.0,0.0,3
15,2,3,0.0,0.0,0.0,0,0.0,0.0,1
15,1,30,0.0,0.0,400000.0,400000,40.0,0.0,2
15,1,40,0.0,0.0,800000.0,800000,84.0,0.0,3
15,2,43,2.0,28.0,0.0,0,0.0,0.0,3
15,1,15,0.0,0.0,0.0,0,0.0,0.0,2
15,2,10,0.0,0.0,0.0,0,0.0,0.0,1
15,2,41,0.0,0.0,0.0,0,0.0,0.0,1
15,1,56,0.0,0.0,250000.0,250000,45.0,0.0,1
15,1,62,0.0,0.0,0.0,0,0.0,0.0,2
15,2,50,2.0,35.0,340000.0,340000,48.0,0.0,2
15,1,19,0.0,0.0,320000.0,320000,45.0,0.0,2
15,2,15,0.0,0.0,0.0,0,0.0,0.0,2
15,2,34,1.0,20.0,200000.0,200000,30.0,0.0,2
15,1,34,0.0,0.0,0.0,0,0.0,0.0,3
15,2,13,0.0,0.0,0.0,0,0.0,0.0,1
15,2,65,3.0,22.0,0.0,0,0.0,0.0,3
15,2,33,0.0,0.0,200000.0,200000,40.0,0.0,3
15,1,87,0.0,0.0,0.0,0,0.0,0.0,2
15,2,50,3.0,99.0,220000.0,220000,60.0,0.0,3
15,2,86,99.0,0.0,0.0,0,0.0,0.0,1
15,1,31,0.0,0.0,241000.0,241000,60.0,0.0,2
15,2,32,2.0,25.0,170000.0,170000,20.0,0.0,2
15,1,7,0.0,0.0,0.0,0,0.0,0.0,1
15,2,2,0.0,0.0,0.0,0,0.0,0.0,1
15,1,69,0.0,0.0,280000.0,280000,38.0,0.0,1
15,2,58,1.0,18.0,0.0,0,0.0,0.0,2
15,1,78,0.0,0.0,0.0,0,0.0,0.0,2
15,1,62,0.0,0.0,0.0,0,0.0,0.0,2
15,1,25,0.0,0.0,0.0,0,45.0,0.0,3
15,1,54,0.0,0.0,400000.0,400000,49.0,0.0,2
15,2,40,4.0,17.0,100000.0,100000,15.0,0.0,2
15,2,22,1.0,20.0,0.0,0,0.0,0.0,3
15,1,15,0.0,0.0,0.0,0,0.0,0.0,2
15,1,4,0.0,0.0,0.0,0,0.0,0.0,1
15,2,2,0.0,0.0,0.0,0,0.0,0.0,1
15,1,80,0.0,0.0,0.0,0,0.0,0.0,1
15,2,30,2.0,24.0,100000.0,100000,15.0,0.0,2
15,1,5,0.0,0.0,0.0,0,0.0,0.0,1
15,2,3,0.0,0.0,0.0,0,0.0,0.0,1
15,2,53,2.0,30.0,670000.0,670000,32.0,0.0,3
15,1,52,0.0,0.0,960000.0,960000,40.0,0.0,3
15,1,24,0.0,0.0,0.0,0,0.0,0.0,3
15,1,22,0.0,0.0,0.0,0,0.0,0.0,3
15,1,54,0.0,0.0,400000.0,400000,48.0,0.0,2
15,2,49,1.0,33.0,0.0,0,0.0,0.0,2
15,1,16,0.0,0.0,0.0,0,0.0,0.0,2
15,1,23,0.0,0.0,250000.0,250000,12.0,0.0,2
15,2,26,2.0,23.0,0.0,0,0.0,0.0,2
15,2,3,0.0,0.0,0.0,0,0.0,0.0,1
15,1,1,0.0,0.0,0.0,0,0.0,0.0,1
15,1,72,0.0,0.0,0.0,0,0.0,0.0,1
15,2,83,3.0,32.0,0.0,0,0.0,0.0,1
15,2,61,0.0,0.0,0.0,0,0.0,0.0,2
15,2,64,6.0,17.0,0.0,0,0.0,0.0,1
15,1,28,0.0,0.0,0.0,0,0.0,0.0,2
15,2,43,2.0,24.0,124000.0,124000,20.0,2.0,2
15,1,19,0.0,0.0,0.0,0,0.0,0.0,3
15,1,14,0.0,0.0,0.0,0,0.0,0.0,1
15,2,23,1.0,20.0,190000.0,190000,45.0,0.0,3
15,2,3,0.0,0.0,0.0,0,0.0,0.0,1
15,1,74,0.0,0.0,0.0,0,0.0,0.0,1
15,2,68,2.0,21.0,0.0,0,0.0,0.0,1
15,1,27,0.0,0.0,0.0,0,0.0,0.0,3
15,1,38,0.0,0.0,1200000.0,1200000,40.0,0.0,3
15,2,35,0.0,0.0,0.0,0,0.0,0.0,3
15,1,59,0.0,0.0,260000.0,260000,48.0,0.0,2
15,2,55,2.0,17.0,0.0,0,0.0,0.0,2
15,2,38,0.0,0.0,280000.0,280000,48.0,0.0,3
15,2,42,1.0,39.0,320000.0,320000,10.0,0.0,3
15,1,3,0.0,0.0,0.0,0,0.0,0.0,1
15,1,27,0.0,0.0,510000.0,510000,48.0,0.0,2
15,2,25,0.0,0.0,0.0,0,0.0,0.0,2
15,1,45,0.0,0.0,615000.0,615000,45.0,0.0,3
15,1,32,0.0,0.0,0.0,0,0.0,0.0,2
15,2,26,2.0,18.0,0.0,0,0.0,0.0,3
15,2,8,0.0,0.0,0.0,0,0.0,0.0,1
15,2,3,0.0,0.0,0.0,0,0.0,0.0,1
15,2,68,0.0,0.0,0.0,0,0.0,0.0,3
15,1,57,0.0,0.0,40000.0,40000,20.0,0.0,2
15,2,27,2.0,22.0,500000.0,500000,45.0,0.0,3
15,1,32,0.0,0.0,350000.0,350000,48.0,0.0,3
15,2,15,0.0,0.0,0.0,0,0.0,0.0,2
15,2,5,0.0,0.0,0.0,0,0.0,0.0,1
15,1,0,0.0,0.0,0.0,0,0.0,0.0,1
15,1,52,0.0,0.0,0.0,0,0.0,0.0,2
15,1,63,0.0,0.0,0.0,0,0.0,0.0,3
15,1,36,0.0,0.0,280000.0,280000,48.0,0.0,2
15,2,42,2.0,20.0,240000.0,240000,48.0,0.0,2
15,1,5,0.0,0.0,0.0,0,0.0,0.0,1
15,1,27,0.0,0.0,400000.0,400000,72.0,0.0,2
15,1,47,0.0,0.0,300000.0,300000,40.0,0.0,1
15,2,14,0.0,0.0,0.0,0,0.0,0.0,1
15,2,72,3.0,24.0,0.0,0,0.0,0.0,1
15,1,29,0.0,0.0,0.0,0,0.0,0.0,3
15,2,28,2.0,22.0,400000.0,400000,48.0,0.0,3
15,1,7,0.0,0.0,0.0,0,0.0,0.0,1
15,2,4,0.0,0.0,0.0,0,0.0,0.0,1
15,1,74,0.0,0.0,0.0,0,0.0,0.0,2
15,2,68,4.0,21.0,0.0,0,0.0,0.0,2
15,1,44,0.0,0.0,900000.0,900000,48.0,0.0,3
15,2,34,1.0,33.0,600000.0,600000,40.0,0.0,4
15,1,0,0.0,0.0,0.0,0,0.0,0.0,1
15,2,38,1.0,24.0,0.0,0,0.0,0.0,3
15,1,36,0.0,0.0,500000.0,500000,84.0,0.0,2
15,2,14,0.0,0.0,0.0,0,0.0,0.0,2
15,2,77,1.0,21.0,0.0,0,0.0,0.0,2
15,1,38,0.0,0.0,700000.0,700000,48.0,0.0,3
15,1,66,0.0,0.0,250000.0,250000,30.0,0.0,2
15,1,39,0.0,0.0,500.0,500,35.0,0.0,3
15,2,32,1.0,32.0,800000.0,800000,45.0,0.0,3
15,2,0,0.0,0.0,0.0,0,0.0,0.0,1
15,1,44,0.0,0.0,430000.0,430000,48.0,0.0,2
15,2,40,3.0,21.0,0.0,0,0.0,0.0,2
15,2,19,1.0,17.0,0.0,0,0.0,0.0,3
15,2,16,0.0,0.0,0.0,0,0.0,0.0,2
15,2,13,0.0,0.0,0.0,0,0.0,0.0,1
15,1,1,0.0,0.0,0.0,0,0.0,0.0,1
15,1,84,0.0,0.0,0.0,0,0.0,0.0,1
15,1,68,0.0,0.0,0.0,0,0.0,0.0,2
15,2,66,2.0,19.0,0.0,0,0.0,0.0,2
15,2,87,5.0,18.0,0.0,0,0.0,0.0,1
15,2,68,4.0,19.0,0.0,0,0.0,0.0,1
15,2,27,1.0,17.0,240000.0,240000,40.0,0.0,2
15,1,11,0.0,0.0,0.0,0,0.0,0.0,1
15,2,46,2.0,20.0,240000.0,240000,48.0,0.0,2
15,1,14,0.0,0.0,0.0,0,0.0,0.0,1
15,2,58,1.0,25.0,300000.0,300000,48.0,0.0,1
15,1,42,0.0,0.0,52000.0,52000,45.0,1.0,1
15,2,71,5.0,17.0,0.0,0,0.0,0.0,1
15,2,59,4.0,18.0,200000.0,200000,45.0,0.0,3
15,1,20,0.0,0.0,0.0,0,0.0,0.0,3
15,1,25,0.0,0.0,0.0,0,0.0,0.0,3
15,2,32,0.0,0.0,0.0,0,0.0,0.0,3
15,1,72,0.0,0.0,360000.0,360000,44.0,0.0,1
15,1,74,0.0,0.0,0.0,0,0.0,0.0,1
15,1,55,0.0,0.0,324384.0,324384,45.0,0.0,2
15,1,38,0.0,0.0,580000.0,580000,45.0,0.0,2
15,1,34,0.0,0.0,580000.0,580000,45.0,0.0,2
15,2,26,2.0,22.0,220000.0,220000,45.0,0.0,2
15,2,4,0.0,0.0,0.0,0,0.0,0.0,1
15,2,0,0.0,0.0,0.0,0,0.0,0.0,1
15,2,57,1.0,44.0,200000.0,200000,48.0,0.0,2
15,2,13,0.0,0.0,0.0,0,0.0,0.0,1
15,1,39,0.0,0.0,1400000.0,1400000,45.0,0.0,3
15,2,37,4.0,29.0,0.0,0,0.0,0.0,2
15,1,7,0.0,0.0,0.0,0,0.0,0.0,1
15,2,5,0.0,0.0,0.0,0,0.0,0.0,1
15,2,2,0.0,0.0,0.0,0,0.0,0.0,1
15,1,0,0.0,0.0,0.0,0,0.0,0.0,1
15,2,66,2.0,19.0,0.0,0,0.0,0.0,1
15,2,73,3.0,29.0,0.0,0,0.0,0.0,1
15,1,34,0.0,0.0,450000.0,450000,45.0,0.0,2
15,2,43,0.0,0.0,0.0,0,0.0,0.0,2
15,1,34,0.0,0.0,0.0,0,0.0,0.0,1
15,2,29,1.0,27.0,600000.0,600000,45.0,0.0,3
15,1,2,0.0,0.0,0.0,0,0.0,0.0,1
15,2,50,1.0,29.0,1500000.0,1500000,45.0,0.0,3
15,2,21,0.0,0.0,0.0,0,0.0,0.0,3
15,1,27,0.0,0.0,0.0,0,0.0,0.0,3
15,1,41,0.0,0.0,1000000.0,1000000,84.0,0.0,3
15,2,39,2.0,18.0,1000000.0,1000000,45.0,0.0,3
15,1,13,0.0,0.0,0.0,0,0.0,0.0,1
15,2,21,0.0,0.0,0.0,0,0.0,0.0,3
15,1,73,0.0,0.0,3000000.0,3000000,22.0,0.0,3
15,1,54,0.0,0.0,1000000.0,1000000,44.0,0.0,3
15,1,45,0.0,0.0,2000000.0,2000000,48.0,0.0,3
15,2,87,2.0,39.0,0.0,0,0.0,0.0,3
15,1,65,0.0,0.0,500000.0,500000,48.0,0.0,3
15,2,55,1.0,27.0,0.0,0,0.0,0.0,3
15,1,84,0.0,0.0,160000.0,160000,35.0,0.0,1
15,2,74,1.0,22.0,0.0,0,0.0,0.0,1
15,2,49,2.0,27.0,1400000.0,1400000,44.0,0.0,3
15,2,18,0.0,0.0,0.0,0,0.0,0.0,2
15,1,16,0.0,0.0,0.0,0,0.0,0.0,2
15,1,38,0.0,0.0,1400000.0,1400000,45.0,0.0,3
15,2,35,1.0,26.0,0.0,0,0.0,0.0,3
15,2,10,0.0,0.0,0.0,0,0.0,0.0,1
15,1,43,0.0,0.0,2000000.0,2000000,84.0,0.0,3
15,1,13,0.0,0.0,0.0,0,0.0,0.0,1
15,1,13,0.0,0.0,0.0,0,0.0,0.0,1
15,1,11,0.0,0.0,0.0,0,0.0,0.0,1
15,2,58,2.0,17.0,500000.0,500000,40.0,0.0,3
15,1,85,0.0,0.0,0.0,0,0.0,0.0,2
15,2,83,3.0,26.0,0.0,0,0.0,0.0,2
15,1,55,0.0,0.0,0.0,0,0.0,0.0,3
15,1,48,0.0,0.0,350000.0,350000,48.0,0.0,3
15,2,53,2.0,23.0,0.0,0,0.0,0.0,2
15,2,20,0.0,0.0,0.0,0,0.0,0.0,2
15,2,12,0.0,0.0,0.0,0,0.0,0.0,1
15,2,60,3.0,35.0,900000.0,900000,45.0,0.0,3
15,1,23,0.0,0.0,0.0,0,0.0,0.0,3
15,1,83,0.0,0.0,0.0,0,0.0,0.0,2
15,2,85,1.0,35.0,0.0,0,0.0,0.0,2
15,1,46,0.0,0.0,0.0,0,45.0,0.0,2
15,2,43,2.0,25.0,240000.0,240000,45.0,0.0,2
15,1,6,0.0,0.0,0.0,0,0.0,0.0,1
15,2,62,3.0,19.0,0.0,0,0.0,0.0,2
15,1,28,0.0,0.0,300000.0,300000,48.0,0.0,3
15,2,29,1.0,28.0,0.0,0,20.0,0.0,3
15,2,1,0.0,0.0,0.0,0,0.0,0.0,1
15,2,57,4.0,22.0,300000.0,300000,48.0,0.0,3
15,1,53,0.0,0.0,400000.0,400000,48.0,0.0,2
15,2,51,3.0,17.0,240000.0,240000,30.0,0.0,1
15,2,34,1.0,28.0,80000.0,80000,5.0,0.0,3
15,1,36,0.0,0.0,700000.0,700000,44.0,0.0,3
15,1,5,0.0,0.0,0.0,0,0.0,0.0,1
15,1,85,0.0,0.0,0.0,0,0.0,0.0,2
15,1,50,0.0,0.0,520000.0,520000,84.0,0.0,3
15,2,38,0.0,0.0,0.0,0,0.0,0.0,3
15,2,45,1.0,20.0,0.0,0,0.0,0.0,2
15,1,58,0.0,0.0,500000.0,500000,45.0,0.0,2
15,2,56,3.0,18.0,320000.0,320000,45.0,0.0,2
15,2,43,0.0,0.0,500000.0,500000,48.0,0.0,2
15,2,44,4.0,24.0,0.0,0,0.0,0.0,2
15,1,19,0.0,0.0,0.0,0,0.0,0.0,2
15,1,21,0.0,0.0,0.0,0,0.0,0.0,3
15,1,13,0.0,0.0,0.0,0,0.0,0.0,1
15,1,10,0.0,0.0,0.0,0,0.0,0.0,1
15,1,73,0.0,0.0,0.0,0,0.0,0.0,2
15,2,75,3.0,19.0,0.0,0,0.0,0.0,2
15,2,34,0.0,0.0,900000.0,900000,40.0,0.0,3
15,1,27,0.0,0.0,400000.0,400000,27.0,0.0,3
15,2,28,0.0,0.0,350000.0,350000,30.0,0.0,3
15,2,42,2.0,26.0,380000.0,380000,48.0,0.0,2
15,1,16,0.0,0.0,0.0,0,0.0,0.0,2
15,1,14,0.0,0.0,0.0,0,0.0,0.0,1
15,1,84,0.0,0.0,0.0,0,0.0,0.0,1
15,2,81,1.0,22.0,0.0,0,0.0,0.0,2
15,2,80,5.0,18.0,0.0,0,0.0,0.0,2
15,1,48,0.0,0.0,800000.0,800000,84.0,0.0,3
15,2,37,2.0,30.0,0.0,0,0.0,0.0,2
15,2,7,0.0,0.0,0.0,0,0.0,0.0,1
15,1,4,0.0,0.0,0.0,0,0.0,0.0,1
15,2,81,9.0,16.0,0.0,0,0.0,0.0,1
15,1,31,0.0,0.0,450000.0,450000,50.0,0.0,2
15,2,29,2.0,19.0,0.0,0,0.0,0.0,3
15,1,9,0.0,0.0,0.0,0,0.0,0.0,1
15,1,4,0.0,0.0,0.0,0,0.0,0.0,1
15,2,33,0.0,0.0,200000.0,200000,24.0,0.0,2
15,1,65,0.0,0.0,0.0,0,0.0,0.0,3
15,2,61,2.0,19.0,400000.0,400000,48.0,0.0,2
15,2,50,3.0,34.0,0.0,0,0.0,0.0,1
15,1,15,0.0,0.0,0.0,0,0.0,0.0,2
15,1,26,0.0,0.0,120000.0,120000,8.0,0.0,3
15,1,54,0.0,0.0,280000.0,280000,50.0,0.0,2
15,1,23,0.0,0.0,0.0,0,0.0,0.0,3
15,2,42,2.0,26.0,300000.0,300000,40.0,0.0,2
15,1,15,0.0,0.0,0.0,0,0.0,0.0,2
15,2,8,0.0,0.0,0.0,0,0.0,0.0,1
15,1,58,0.0,0.0,500000.0,500000,72.0,0.0,2
15,2,62,3.0,28.0,0.0,0,0.0,0.0,2
15,2,30,0.0,0.0,750000.0,750000,44.0,0.0,3
15,1,18,0.0,0.0,0.0,0,0.0,0.0,2
15,1,73,0.0,0.0,300000.0,300000,48.0,0.0,2
15,2,65,4.0,24.0,0.0,0,0.0,0.0,2
15,1,35,0.0,0.0,350000.0,350000,84.0,0.0,3
15,2,33,1.0,30.0,250000.0,250000,48.0,0.0,3
15,1,47,0.0,0.0,900000.0,900000,48.0,0.0,1
15,2,3,0.0,0.0,0.0,0,0.0,0.0,1
15,2,51,2.0,25.0,360000.0,360000,45.0,0.0,3
15,1,19,0.0,0.0,0.0,0,0.0,0.0,3
15,2,24,0.0,0.0,0.0,0,0.0,0.0,3
15,1,63,0.0,0.0,200000.0,200000,42.0,0.0,2
15,2,60,2.0,22.0,200000.0,200000,56.0,0.0,2
15,1,37,0.0,0.0,480000.0,480000,84.0,0.0,2
15,1,30,0.0,0.0,150000.0,150000,20.0,0.0,2
15,1,55,0.0,0.0,450000.0,450000,84.0,0.0,3
15,2,54,4.0,26.0,0.0,0,0.0,0.0,3
15,1,12,0.0,0.0,0.0,0,0.0,0.0,1
15,2,26,2.0,19.0,150000.0,150000,30.0,0.0,3
15,2,6,0.0,0.0,0.0,0,0.0,0.0,1
15,2,4,0.0,0.0,0.0,0,0.0,0.0,1
15,2,28,3.0,16.0,210000.0,210000,40.0,0.0,2
15,1,11,0.0,0.0,0.0,0,0.0,0.0,1
15,2,8,0.0,0.0,0.0,0,0.0,0.0,1
15,2,2,0.0,0.0,0.0,0,0.0,0.0,1
15,1,59,0.0,0.0,270000.0,270000,45.0,0.0,2
15,1,31,0.0,0.0,256000.0,256000,45.0,0.0,3
15,2,57,2.0,17.0,150000.0,150000,30.0,0.0,2
15,2,26,1.0,25.0,0.0,0,0.0,0.0,3
15,2,1,0.0,0.0,0.0,0,0.0,0.0,1
15,1,64,0.0,0.0,200000.0,200000,40.0,0.0,2
15,1,34,0.0,0.0,240000.0,240000,48.0,0.0,2
15,2,64,4.0,18.0,0.0,0,0.0,0.0,1
15,1,75,0.0,0.0,250000.0,250000,48.0,0.0,1
15,2,56,1.0,28.0,280000.0,280000,48.0,0.0,2
15,1,28,0.0,0.0,60000.0,60000,20.0,0.0,2
15,1,61,0.0,0.0,180000.0,180000,30.0,0.0,2
15,1,20,0.0,0.0,250000.0,250000,48.0,0.0,2
15,1,19,0.0,0.0,200000.0,200000,48.0,0.0,2
15,2,53,4.0,15.0,350000.0,350000,84.0,0.0,2
15,2,19,0.0,0.0,200000.0,200000,48.0,0.0,2
15,2,63,3.0,24.0,0.0,0,0.0,0.0,3
15,1,68,0.0,0.0,0.0,0,0.0,0.0,2
15,2,38,1.0,32.0,0.0,0,0.0,0.0,3
15,2,24,1.0,23.0,0.0,0,0.0,0.0,2
15,1,0,0.0,0.0,0.0,0,0.0,0.0,1
15,2,70,6.0,20.0,0.0,0,0.0,0.0,1
15,1,77,0.0,0.0,0.0,0,0.0,0.0,2
15,2,47,3.0,25.0,200000.0,200000,48.0,0.0,2
15,2,23,1.0,22.0,60000.0,60000,27.0,0.0,2
15,1,20,0.0,0.0,0.0,0,0.0,0.0,3
15,1,15,0.0,0.0,0.0,0,0.0,0.0,2
15,1,0,0.0,0.0,0.0,0,0.0,0.0,1
15,2,60,5.0,23.0,0.0,0,0.0,0.0,3
15,1,32,0.0,0.0,650000.0,650000,40.0,0.0,3
15,1,48,0.0,0.0,150000.0,150000,48.0,0.0,2
15,1,46,0.0,0.0,120000.0,120000,24.0,0.0,2
15,1,49,0.0,0.0,350000.0,350000,45.0,0.0,2
15,2,16,0.0,0.0,0.0,0,0.0,0.0,2
15,1,45,0.0,0.0,400000.0,400000,54.0,0.0,3
15,2,38,3.0,19.0,0.0,0,0.0,0.0,2
15,2,20,0.0,0.0,200000.0,200000,30.0,0.0,3
15,1,14,0.0,0.0,0.0,0,0.0,0.0,1
15,2,11,0.0,0.0,0.0,0,0.0,0.0,1
15,1,75,0.0,0.0,0.0,0,0.0,0.0,1
15,2,70,4.0,22.0,0.0,0,0.0,0.0,2
15,2,35,2.0,19.0,150000.0,150000,24.0,0.0,3
15,1,40,0.0,0.0,0.0,0,0.0,0.0,2
15,2,16,0.0,0.0,0.0,0,0.0,0.0,2
15,2,10,0.0,0.0,0.0,0,0.0,0.0,1
15,2,45,3.0,21.0,320000.0,320000,30.0,0.0,2
15,1,49,0.0,0.0,350000.0,350000,45.0,0.0,3
15,1,28,0.0,0.0,0.0,0,0.0,0.0,3
15,2,10,0.0,0.0,0.0,0,0.0,0.0,1
15,1,55,0.0,0.0,480000.0,480000,60.0,0.0,3
15,2,38,2.0,21.0,0.0,0,0.0,0.0,2
15,2,17,0.0,0.0,0.0,0,0.0,0.0,2
15,1,9,0.0,0.0,0.0,0,0.0,0.0,1
15,1,51,0.0,0.0,600000.0,600000,45.0,0.0,2
15,2,52,3.0,25.0,0.0,0,0.0,0.0,2
15,2,26,1.0,23.0,0.0,0,0.0,0.0,3
15,1,21,0.0,0.0,0.0,0,0.0,0.0,3
15,1,15,0.0,0.0,0.0,0,0.0,0.0,2
15,1,3,0.0,0.0,0.0,0,0.0,0.0,1
15,1,53,0.0,0.0,400000.0,400000,80.0,0.0,2
15,2,33,2.0,15.0,0.0,0,0.0,0.0,1
15,2,17,0.0,0.0,0.0,0,0.0,0.0,2
15,2,12,0.0,0.0,0.0,0,0.0,0.0,1
15,2,49,2.0,20.0,300000.0,300000,30.0,0.0,2
15,1,23,0.0,0.0,80000.0,80000,16.0,0.0,3
15,1,31,0.0,0.0,0.0,0,0.0,0.0,3
15,2,30,3.0,19.0,500000.0,500000,45.0,0.0,2
15,1,4,0.0,0.0,0.0,0,0.0,0.0,1
15,1,11,0.0,0.0,0.0,0,0.0,0.0,1
15,2,7,0.0,0.0,0.0,0,0.0,0.0,1
15,1,58,0.0,0.0,0.0,0,0.0,0.0,1
15,2,57,1.0,17.0,270000.0,270000,94.0,0.0,2
15,2,85,4.0,25.0,0.0,0,0.0,0.0,1
15,1,60,0.0,0.0,200000.0,200000,30.0,2.0,2
15,1,30,0.0,0.0,260000.0,260000,48.0,0.0,3
15,2,21,0.0,0.0,0.0,0,0.0,0.0,3
15,1,70,0.0,0.0,0.0,0,0.0,0.0,1
15,1,30,0.0,0.0,300000.0,300000,45.0,0.0,2
15,2,29,0.0,0.0,0.0,0,0.0,0.0,2
15,2,53,1.0,18.0,250000.0,250000,48.0,0.0,1
15,1,50,0.0,0.0,300000.0,300000,70.0,0.0,2
15,2,49,2.0,18.0,370000.0,370000,40.0,0.0,2
15,1,21,0.0,0.0,0.0,0,0.0,0.0,3
15,1,29,0.0,0.0,400000.0,400000,20.0,0.0,2
15,2,30,0.0,0.0,0.0,0,0.0,0.0,2
15,1,17,0.0,0.0,0.0,0,0.0,0.0,2
15,1,50,0.0,0.0,300000.0,300000,45.0,0.0,2
15,2,45,3.0,20.0,220000.0,220000,45.0,0.0,1
15,1,24,0.0,0.0,0.0,0,0.0,0.0,3
15,1,20,0.0,0.0,0.0,0,0.0,0.0,2
15,1,14,0.0,0.0,0.0,0,0.0,0.0,2
15,2,63,4.0,22.0,0.0,0,0.0,0.0,2
15,1,53,0.0,0.0,250000.0,250000,45.0,0.0,2
15,2,22,1.0,17.0,180000.0,180000,45.0,0.0,2
15,2,20,0.0,0.0,0.0,0,0.0,0.0,2
15,1,5,0.0,0.0,0.0,0,0.0,0.0,1
15,2,58,3.0,18.0,0.0,0,0.0,0.0,1
15,1,68,0.0,0.0,290000.0,290000,20.0,0.0,1
15,2,29,0.0,0.0,480000.0,480000,48.0,0.0,3
15,1,44,0.0,0.0,500000.0,500000,70.0,0.0,3
15,2,48,2.0,15.0,500000.0,500000,45.0,0.0,3
15,1,31,0.0,0.0,0.0,0,0.0,0.0,1
15,2,10,0.0,0.0,0.0,0,0.0,0.0,1
15,1,73,0.0,0.0,0.0,0,0.0,0.0,3
15,2,74,4.0,22.0,0.0,0,0.0,0.0,2
15,1,58,0.0,0.0,350000.0,350000,45.0,0.0,2
15,2,49,3.0,21.0,0.0,0,0.0,0.0,2
15,2,28,0.0,0.0,350000.0,350000,45.0,0.0,3
15,2,27,1.0,25.0,0.0,0,0.0,0.0,2
15,2,26,0.0,0.0,0.0,0,0.0,0.0,2
15,2,18,0.0,0.0,0.0,0,0.0,0.0,2
15,1,1,0.0,0.0,0.0,0,0.0,0.0,1
15,2,67,3.0,20.0,0.0,0,0.0,0.0,1
15,1,27,0.0,0.0,465803.0,465803,84.0,0.0,2
15,1,30,0.0,0.0,800000.0,800000,48.0,0.0,3
15,2,28,4.0,21.0,0.0,0,0.0,0.0,3
15,1,7,0.0,0.0,0.0,0,0.0,0.0,1
15,1,5,0.0,0.0,0.0,0,0.0,0.0,1
15,1,3,0.0,0.0,0.0,0,0.0,0.0,1
15,1,1,0.0,0.0,0.0,0,0.0,0.0,1
15,2,31,2.0,17.0,350000.0,350000,60.0,0.0,2
15,1,6,0.0,0.0,0.0,0,0.0,0.0,1
15,1,12,0.0,0.0,0.0,0,0.0,0.0,1
15,2,69,4.0,21.0,0.0,0,0.0,0.0,2
15,1,42,0.0,0.0,800000.0,800000,84.0,0.0,3
15,2,34,3.0,18.0,240000.0,240000,48.0,0.0,2
15,1,34,0.0,0.0,300000.0,300000,48.0,0.0,2
15,2,16,0.0,0.0,0.0,0,0.0,0.0,2
15,2,13,0.0,0.0,0.0,0,0.0,0.0,1
15,1,9,0.0,0.0,0.0,0,0.0,0.0,1
15,2,40,2.0,24.0,280000.0,280000,120.0,0.0,2
15,2,15,0.0,0.0,0.0,0,0.0,0.0,2
15,2,13,0.0,0.0,0.0,0,0.0,0.0,1
15,2,51,4.0,15.0,300000.0,300000,24.0,0.0,1
15,1,29,0.0,0.0,280000.0,280000,45.0,0.0,2
15,2,29,3.0,99.0,40000.0,40000,3.0,0.0,2
15,2,1,0.0,0.0,0.0,0,0.0,0.0,1
15,1,50,0.0,0.0,80000.0,80000,70.0,0.0,1
15,2,45,2.0,28.0,0.0,0,70.0,0.0,1
15,2,18,0.0,0.0,0.0,0,0.0,0.0,2
15,1,10,0.0,0.0,0.0,0,0.0,0.0,1
15,1,61,0.0,0.0,100000.0,100000,105.0,0.0,2
15,2,62,2.0,22.0,0.0,0,0.0,0.0,2
15,1,66,0.0,0.0,0.0,0,24.0,0.0,1
15,2,54,1.0,24.0,230000.0,230000,45.0,0.0,1
15,1,59,0.0,0.0,200000.0,200000,42.0,0.0,2
15,2,58,2.0,19.0,0.0,0,0.0,0.0,2
15,1,38,0.0,0.0,100000.0,100000,16.0,0.0,2
15,1,37,0.0,0.0,0.0,0,0.0,0.0,3
15,2,27,3.0,18.0,0.0,0,0.0,0.0,2
15,2,9,0.0,0.0,0.0,0,0.0,0.0,1
15,1,6,0.0,0.0,0.0,0,0.0,0.0,1
15,1,3,0.0,0.0,0.0,0,0.0,0.0,1
15,2,55,7.0,20.0,50000.0,50000,20.0,0.0,1
15,2,20,2.0,16.0,20000.0,20000,20.0,0.0,2
15,1,35,0.0,0.0,0.0,0,0.0,0.0,2
15,2,27,1.0,14.0,0.0,0,0.0,0.0,1
15,2,14,0.0,0.0,0.0,0,0.0,0.0,1
15,1,4,0.0,0.0,0.0,0,0.0,0.0,1
15,2,1,0.0,0.0,0.0,0,0.0,0.0,1
15,1,56,0.0,0.0,800000.0,800000,84.0,0.0,2
15,2,52,2.0,22.0,0.0,0,0.0,0.0,2
15,1,22,0.0,0.0,0.0,0,0.0,0.0,3
15,1,49,0.0,0.0,200000.0,200000,15.0,0.0,2
15,2,40,3.0,18.0,0.0,0,0.0,0.0,2
15,1,22,0.0,0.0,400000.0,400000,50.0,0.0,2
15,1,18,0.0,0.0,0.0,0,0.0,0.0,2
15,2,6,0.0,0.0,0.0,0,0.0,0.0,1
15,1,37,0.0,0.0,850000.0,850000,45.0,0.0,2
15,2,39,2.0,31.0,500000.0,500000,44.0,0.0,2
15,1,8,0.0,0.0,0.0,0,0.0,0.0,1
15,1,2,0.0,0.0,0.0,0,0.0,0.0,1
15,2,31,2.0,18.0,350000.0,350000,44.0,0.0,3
15,1,13,0.0,0.0,0.0,0,0.0,0.0,1
15,1,8,0.0,0.0,0.0,0,0.0,0.0,1
15,1,44,0.0,0.0,700000.0,700000,84.0,0.0,2
15,2,46,1.0,22.0,220000.0,220000,48.0,0.0,2
15,1,24,0.0,0.0,600000.0,600000,48.0,0.0,3
15,2,48,2.0,27.0,167000.0,167000,20.0,0.0,2
15,2,8,0.0,0.0,0.0,0,0.0,0.0,1
15,2,71,9.0,20.0,0.0,0,0.0,0.0,1
15,2,58,3.0,99.0,150000.0,150000,45.0,0.0,1
15,2,25,0.0,0.0,400000.0,400000,45.0,0.0,3
15,2,79,8.0,21.0,0.0,0,0.0,0.0,1
15,1,86,0.0,0.0,0.0,0,0.0,0.0,1
15,1,28,0.0,0.0,550000.0,550000,45.0,0.0,3
15,2,28,2.0,24.0,0.0,0,0.0,0.0,3
15,1,3,0.0,0.0,0.0,0,0.0,0.0,1
15,2,1,0.0,0.0,0.0,0,0.0,0.0,1
15,1,65,0.0,0.0,0.0,0,0.0,0.0,3
15,2,63,0.0,0.0,0.0,0,0.0,0.0,3
15,1,73,0.0,0.0,0.0,0,0.0,0.0,2
15,1,26,0.0,0.0,0.0,0,0.0,0.0,3
15,1,51,0.0,0.0,200000.0,200000,44.0,0.0,2
15,2,56,3.0,34.0,700000.0,700000,44.0,0.0,2
15,1,22,0.0,0.0,60000.0,60000,4.0,0.0,3
15,2,21,0.0,0.0,0.0,0,0.0,0.0,3
15,2,19,0.0,0.0,0.0,0,0.0,0.0,3
15,2,81,6.0,21.0,0.0,0,0.0,0.0,1
15,2,48,2.0,27.0,210000.0,210000,45.0,0.0,2
15,1,22,0.0,0.0,0.0,0,0.0,0.0,3
15,1,18,0.0,0.0,0.0,0,0.0,0.0,3
15,1,84,0.0,0.0,148466.0,148466,16.0,0.0,2
15,2,59,2.0,16.0,0.0,0,0.0,0.0,2
15,2,34,1.0,33.0,393276.0,393276,24.0,0.0,2
15,2,1,0.0,0.0,0.0,0,0.0,0.0,1
15,1,45,0.0,0.0,1800000.0,1800000,84.0,0.0,3
15,2,41,3.0,26.0,495841.0,495841,8.0,0.0,3
15,1,19,0.0,0.0,0.0,0,0.0,0.0,3
15,1,16,0.0,0.0,0.0,0,0.0,0.0,2
15,2,9,0.0,0.0,0.0,0,0.0,0.0,1
15,1,48,0.0,0.0,300000.0,300000,72.0,0.0,2
15,2,50,1.0,25.0,237541.0,237541,40.0,0.0,2
15,1,7,0.0,0.0,0.0,0,0.0,0.0,1
15,1,58,0.0,0.0,200000.0,200000,40.0,0.0,2
15,2,60,4.0,29.0,0.0,0,0.0,0.0,3
15,2,31,0.0,0.0,0.0,0,0.0,0.0,3
15,1,26,0.0,0.0,100000.0,100000,16.0,0.0,3
15,2,14,0.0,0.0,0.0,0,0.0,0.0,2
15,1,59,0.0,0.0,400000.0,400000,40.0,0.0,3
15,2,52,2.0,21.0,0.0,0,0.0,0.0,2
15,2,27,1.0,20.0,0.0,0,0.0,0.0,3
15,1,7,0.0,0.0,0.0,0,0.0,0.0,1
15,1,51,0.0,0.0,746000.0,746000,45.0,0.0,3
15,2,50,3.0,22.0,241000.0,241000,24.0,0.0,2
15,1,24,0.0,0.0,170000.0,170000,18.0,0.0,3
15,1,14,0.0,0.0,0.0,0,0.0,0.0,2
15,1,53,0.0,0.0,1000000.0,1000000,44.0,0.0,3
15,2,50,2.0,23.0,1000000.0,1000000,43.0,0.0,3
15,2,14,0.0,0.0,0.0,0,0.0,0.0,1
15,1,28,0.0,0.0,280000.0,280000,45.0,0.0,2
15,2,32,2.0,20.0,0.0,0,0.0,0.0,2
15,1,10,0.0,0.0,0.0,0,0.0,0.0,1
15,2,4,0.0,0.0,0.0,0,0.0,0.0,1
15,2,54,2.0,26.0,240000.0,240000,42.0,0.0,2
15,1,60,0.0,0.0,240000.0,240000,48.0,0.0,2
15,2,24,0.0,0.0,0.0,0,0.0,0.0,3
15,2,73,11.0,16.0,0.0,0,0.0,0.0,1
15,2,50,4.0,19.0,200000.0,200000,48.0,0.0,1
15,1,53,0.0,0.0,0.0,0,0.0,0.0,1
15,2,31,1.0,17.0,61348.0,61348,6.0,0.0,2
15,1,28,0.0,0.0,217010.0,217010,16.0,0.0,2
15,1,22,0.0,0.0,165565.0,165565,16.0,0.0,2
15,2,13,0.0,0.0,0.0,0,0.0,0.0,1
15,2,13,0.0,0.0,0.0,0,0.0,0.0,1
15,1,59,0.0,0.0,220000.0,220000,45.0,0.0,1
15,2,63,2.0,23.0,0.0,0,0.0,0.0,1
15,2,18,0.0,0.0,0.0,0,0.0,0.0,2
15,1,35,0.0,0.0,300000.0,300000,40.0,0.0,2
15,2,35,2.0,21.0,250000.0,250000,45.0,0.0,2
15,1,14,0.0,0.0,0.0,0,0.0,0.0,1
15,2,4,0.0,0.0,0.0,0,0.0,0.0,1
15,2,58,2.0,25.0,0.0,0,0.0,0.0,3
15,1,28,0.0,0.0,200000.0,200000,45.0,0.0,2
15,1,32,0.0,0.0,120000.0,120000,20.0,0.0,3
15,1,9,0.0,0.0,0.0,0,0.0,0.0,1
15,2,56,3.0,21.0,200000.0,200000,15.0,0.0,2
15,1,20,0.0,0.0,40000.0,40000,8.0,0.0,3
15,1,54,0.0,0.0,200000.0,200000,84.0,0.0,2
15,2,45,5.0,15.0,0.0,0,0.0,0.0,2
15,1,30,0.0,0.0,200000.0,200000,70.0,0.0,2
15,1,15,0.0,0.0,0.0,0,0.0,0.0,1
15,1,5,0.0,0.0,0.0,0,0.0,0.0,1
15,2,26,2.0,19.0,0.0,0,30.0,0.0,2
15,1,28,0.0,0.0,250000.0,250000,40.0,0.0,2
15,2,6,0.0,0.0,0.0,0,0.0,0.0,1
15,2,52,3.0,18.0,100000.0,100000,20.0,0.0,1
15,2,16,0.0,0.0,0.0,0,0.0,0.0,2
15,1,50,0.0,0.0,230000.0,230000,45.0,0.0,2
15,1,47,0.0,0.0,200000.0,200000,72.0,0.0,2
15,2,17,0.0,0.0,0.0,0,0.0,0.0,2
15,2,15,0.0,0.0,0.0,0,0.0,0.0,2
15,1,3,0.0,0.0,0.0,0,0.0,0.0,1
15,2,47,3.0,20.0,150000.0,150000,6.0,0.0,2
15,1,32,0.0,0.0,750000.0,750000,48.0,0.0,2
15,2,37,2.0,20.0,450000.0,450000,48.0,0.0,2
15,2,16,0.0,0.0,0.0,0,0.0,0.0,2
15,1,7,0.0,0.0,0.0,0,0.0,0.0,1
15,1,61,0.0,0.0,310000.0,310000,45.0,0.0,2
15,2,51,2.0,22.0,0.0,0,0.0,0.0,2
15,1,21,0.0,0.0,310000.0,310000,45.0,0.0,3
15,1,51,0.0,0.0,0.0,0,0.0,0.0,3
15,2,51,2.0,34.0,500000.0,500000,45.0,0.0,3
15,1,17,0.0,0.0,0.0,0,0.0,0.0,2
15,1,14,0.0,0.0,0.0,0,0.0,0.0,2
15,2,75,0.0,0.0,0.0,0,0.0,0.0,3
15,1,36,0.0,0.0,0.0,0,0.0,0.0,3
15,2,26,0.0,0.0,750000.0,750000,45.0,0.0,3
15,1,27,0.0,0.0,200000.0,200000,48.0,0.0,3
15,2,25,0.0,0.0,500000.0,500000,45.0,0.0,3
15,2,54,4.0,21.0,240000.0,240000,48.0,0.0,2
15,1,55,0.0,0.0,240000.0,240000,52.0,0.0,2
15,1,13,0.0,0.0,0.0,0,0.0,0.0,1
15,2,56,1.0,35.0,241000.0,241000,45.0,0.0,2
15,1,85,0.0,0.0,0.0,0,0.0,0.0,1
15,1,57,0.0,0.0,565000.0,565000,45.0,0.0,3
15,1,20,0.0,0.0,0.0,0,0.0,0.0,3
15,2,67,2.0,31.0,0.0,0,0.0,0.0,2
15,1,43,0.0,0.0,1170000.0,1170000,44.0,0.0,3
15,1,45,0.0,0.0,780000.0,780000,48.0,0.0,3
15,2,30,3.0,19.0,0.0,0,0.0,0.0,2
15,2,60,7.0,18.0,0.0,0,0.0,0.0,1
15,2,10,0.0,0.0,0.0,0,0.0,0.0,1
15,1,7,0.0,0.0,0.0,0,0.0,0.0,1
15,1,5,0.0,0.0,0.0,0,0.0,0.0,1
15,2,85,7.0,25.0,0.0,0,0.0,0.0,1
15,2,43,2.0,25.0,500000.0,500000,26.0,0.0,3
15,1,43,0.0,0.0,700000.0,700000,60.0,0.0,2
15,1,20,0.0,0.0,0.0,0,0.0,0.0,3
15,2,11,0.0,0.0,0.0,0,0.0,0.0,1
15,2,25,1.0,24.0,126000.0,126000,45.0,0.0,3
15,1,27,0.0,0.0,122000.0,122000,45.0,0.0,3
15,2,1,0.0,0.0,0.0,0,0.0,0.0,1
15,2,32,1.0,23.0,430000.0,430000,9.0,0.0,3
15,1,63,0.0,0.0,900000.0,900000,45.0,0.0,3
15,1,9,0.0,0.0,0.0,0,0.0,0.0,1
15,1,65,0.0,0.0,2000000.0,2000000,45.0,0.0,4
15,2,50,2.0,25.0,500000.0,500000,45.0,0.0,3
15,1,25,0.0,0.0,500000.0,500000,45.0,0.0,3
15,1,15,0.0,0.0,0.0,0,0.0,0.0,2
15,1,72,0.0,0.0,0.0,0,0.0,0.0,3
15,2,19,0.0,0.0,0.0,0,0.0,0.0,2
15,1,55,0.0,0.0,0.0,0,0.0,0.0,2
15,2,53,2.0,27.0,0.0,0,0.0,0.0,2
15,2,27,0.0,0.0,240000.0,240000,45.0,0.0,3
15,1,24,0.0,0.0,0.0,0,0.0,0.0,2
15,1,21,0.0,0.0,0.0,0,0.0,0.0,3
15,1,39,0.0,0.0,1300000.0,1300000,45.0,0.0,4
15,1,70,0.0,0.0,0.0,0,0.0,0.0,2
15,2,65,2.0,23.0,0.0,0,0.0,0.0,2
15,1,37,0.0,0.0,800000.0,800000,40.0,0.0,3
15,2,35,1.0,27.0,1600000.0,1600000,45.0,0.0,3
15,2,8,0.0,0.0,0.0,0,0.0,0.0,1
15,2,32,0.0,0.0,702000.0,702000,40.0,0.0,3
15,1,48,0.0,0.0,540000.0,540000,40.0,0.0,3
15,1,42,0.0,0.0,450000.0,450000,20.0,0.0,3
15,2,68,2.0,20.0,200000.0,200000,60.0,0.0,2
15,2,66,2.0,21.0,0.0,0,0.0,0.0,2
15,1,67,0.0,0.0,200000.0,200000,40.0,0.0,2
15,2,37,3.0,24.0,240000.0,240000,45.0,0.0,3
15,2,14,0.0,0.0,0.0,0,0.0,0.0,2
15,1,9,0.0,0.0,0.0,0,0.0,0.0,1
15,1,4,0.0,0.0,0.0,0,0.0,0.0,1
15,2,51,7.0,13.0,200000.0,200000,14.0,0.0,1
15,1,68,0.0,0.0,250000.0,250000,45.0,0.0,2
15,2,25,0.0,0.0,0.0,0,0.0,0.0,2
15,1,44,0.0,0.0,290000.0,290000,45.0,0.0,2
15,2,39,1.0,21.0,0.0,0,0.0,0.0,1
15,2,15,0.0,0.0,0.0,0,0.0,0.0,2
15,1,70,0.0,0.0,0.0,0,0.0,0.0,3
15,2,73,2.0,27.0,0.0,0,0.0,0.0,2
15,2,26,0.0,0.0,0.0,0,0.0,0.0,1
15,1,55,0.0,0.0,650000.0,650000,45.0,0.0,3
15,2,51,1.0,24.0,0.0,0,0.0,0.0,3
15,1,53,0.0,0.0,250000.0,250000,60.0,0.0,1
15,2,51,2.0,20.0,0.0,0,0.0,0.0,2
15,2,19,0.0,0.0,0.0,0,0.0,0.0,3
15,2,79,1.0,20.0,120000.0,120000,22.0,0.0,1
15,2,49,3.0,17.0,180000.0,180000,45.0,0.0,1
15,2,19,1.0,17.0,0.0,0,0.0,0.0,3
15,1,2,0.0,0.0,0.0,0,0.0,0.0,1
15,2,54,0.0,0.0,195000.0,195000,48.0,2.0,2
15,2,44,4.0,24.0,315000.0,315000,120.0,0.0,2
15,2,41,6.0,16.0,100000.0,100000,6.0,0.0,2
15,1,20,0.0,0.0,200000.0,200000,6.0,0.0,2
15,2,16,0.0,0.0,0.0,0,0.0,0.0,2
15,1,10,0.0,0.0,0.0,0,0.0,0.0,1
15,1,3,0.0,0.0,0.0,0,0.0,0.0,1
15,2,1,0.0,0.0,0.0,0,0.0,0.0,1
15,1,65,0.0,0.0,220000.0,220000,54.0,0.0,1
15,1,45,0.0,0.0,225000.0,225000,40.0,0.0,2
15,1,44,0.0,0.0,222858.0,222858,45.0,0.0,2
15,2,24,0.0,0.0,220000.0,220000,48.0,0.0,3
15,1,19,0.0,0.0,0.0,0,0.0,0.0,3
15,2,18,1.0,16.0,0.0,0,0.0,0.0,3
15,2,2,0.0,0.0,0.0,0,0.0,0.0,1
15,2,42,4.0,20.0,0.0,0,0.0,0.0,2
15,1,22,0.0,0.0,0.0,0,0.0,0.0,2
15,1,16,0.0,0.0,0.0,0,0.0,0.0,2
15,2,19,0.0,0.0,0.0,0,0.0,0.0,2
15,1,14,0.0,0.0,0.0,0,0.0,0.0,1
15,1,27,0.0,0.0,420000.0,420000,60.0,0.0,2
15,2,28,1.0,20.0,200000.0,200000,48.0,0.0,2
15,1,8,0.0,0.0,0.0,0,0.0,0.0,1
15,1,61,0.0,0.0,300000.0,300000,45.0,0.0,2
15,2,55,4.0,21.0,0.0,0,0.0,0.0,2
15,2,21,0.0,0.0,0.0,0,0.0,0.0,3
15,2,54,2.0,20.0,240000.0,240000,48.0,0.0,1
15,2,27,3.0,17.0,178000.0,178000,48.0,0.0,2
15,1,28,0.0,0.0,225000.0,225000,48.0,0.0,2
15,2,9,0.0,0.0,0.0,0,0.0,0.0,1
15,1,2,0.0,0.0,0.0,0,0.0,0.0,1
15,1,4,0.0,0.0,0.0,0,0.0,0.0,1
15,2,32,3.0,19.0,80000.0,80000,10.0,2.0,2
15,1,12,0.0,0.0,0.0,0,0.0,0.0,1
15,1,10,0.0,0.0,0.0,0,0.0,0.0,1
15,1,8,0.0,0.0,0.0,0,0.0,0.0,1
15,1,58,0.0,0.0,993000.0,993000,44.0,0.0,3
15,2,50,3.0,19.0,0.0,0,0.0,0.0,2
15,1,30,0.0,0.0,0.0,0,0.0,0.0,3
15,1,27,0.0,0.0,0.0,0,0.0,0.0,3
15,2,56,5.0,18.0,35000.0,35000,10.0,0.0,2
15,1,6,0.0,0.0,0.0,0,0.0,0.0,1
15,2,24,1.0,23.0,0.0,0,0.0,0.0,3
15,1,1,0.0,0.0,0.0,0,0.0,0.0,1
15,2,19,1.0,16.0,0.0,0,0.0,0.0,3
15,1,2,0.0,0.0,0.0,0,0.0,0.0,1
15,1,55,0.0,0.0,100000.0,100000,24.0,0.0,2
15,2,57,1.0,35.0,0.0,0,0.0,0.0,2
15,1,21,0.0,0.0,0.0,0,0.0,0.0,1
15,2,51,2.0,21.0,300000.0,300000,30.0,0.0,2
15,2,81,6.0,19.0,0.0,0,0.0,0.0,1
15,1,23,0.0,0.0,0.0,0,0.0,0.0,3
15,1,40,0.0,0.0,300000.0,300000,45.0,0.0,2
15,2,45,1.0,40.0,0.0,0,0.0,0.0,2
15,1,4,0.0,0.0,0.0,0,0.0,0.0,1
15,2,34,3.0,17.0,120000.0,120000,8.0,0.0,2
15,2,17,0.0,0.0,0.0,0,0.0,0.0,2
15,1,10,0.0,0.0,0.0,0,0.0,0.0,1
15,2,0,0.0,0.0,0.0,0,0.0,0.0,1
15,2,63,3.0,20.0,200000.0,200000,75.0,0.0,2
15,2,66,8.0,20.0,0.0,0,0.0,0.0,2
15,1,38,0.0,0.0,150000.0,150000,32.0,0.0,1
15,1,40,0.0,0.0,400000.0,400000,45.0,0.0,3
15,1,28,0.0,0.0,300000.0,300000,40.0,0.0,2
15,2,28,1.0,26.0,720000.0,720000,45.0,0.0,2
15,2,2,0.0,0.0,0.0,0,0.0,0.0,1
15,1,60,0.0,0.0,450000.0,450000,70.0,0.0,2
15,2,57,3.0,20.0,0.0,0,0.0,0.0,2
15,1,23,0.0,0.0,0.0,0,0.0,0.0,3
15,2,87,6.0,28.0,0.0,0,0.0,0.0,1
15,1,48,0.0,0.0,400000.0,400000,45.0,0.0,2
15,2,42,2.0,29.0,0.0,0,0.0,0.0,2
15,1,13,0.0,0.0,0.0,0,0.0,0.0,1
15,2,5,0.0,0.0,0.0,0,0.0,0.0,1
15,2,47,3.0,20.0,0.0,0,0.0,0.0,2
15,1,27,0.0,0.0,0.0,0,45.0,0.0,3
15,2,21,0.0,0.0,0.0,0,0.0,0.0,2
15,1,18,0.0,0.0,0.0,0,0.0,0.0,2
15,2,39,4.0,17.0,120000.0,120000,25.0,2.0,3
15,2,21,0.0,0.0,0.0,0,0.0,0.0,3
15,1,19,0.0,0.0,0.0,0,0.0,0.0,3
15,2,18,0.0,0.0,0.0,0,0.0,0.0,2
15,1,14,0.0,0.0,0.0,0,0.0,0.0,1
15,1,48,0.0,0.0,429000.0,429000,45.0,0.0,3
15,2,45,3.0,30.0,0.0,0,0.0,0.0,2
15,1,15,0.0,0.0,0.0,0,0.0,0.0,2
15,2,12,0.0,0.0,0.0,0,0.0,0.0,1
15,2,11,0.0,0.0,0.0,0,0.0,0.0,1
15,1,59,0.0,0.0,500000.0,500000,60.0,0.0,2
15,2,52,2.0,26.0,250000.0,250000,48.0,0.0,2
15,2,27,2.0,15.0,0.0,0,0.0,0.0,2
15,2,11,0.0,0.0,0.0,0,0.0,0.0,1
15,1,88,0.0,0.0,0.0,0,0.0,0.0,1
15,1,50,0.0,0.0,800000.0,800000,48.0,0.0,2
15,2,43,4.0,21.0,0.0,0,0.0,0.0,2
15,1,22,0.0,0.0,0.0,0,0.0,0.0,3
15,2,12,0.0,0.0,0.0,0,0.0,0.0,1
15,2,10,0.0,0.0,0.0,0,0.0,0.0,1
15,2,8,0.0,0.0,0.0,0,0.0,0.0,1
15,1,64,0.0,0.0,230000.0,230000,77.0,0.0,2
15,2,59,2.0,21.0,243000.0,243000,50.0,0.0,2
15,2,34,2.0,21.0,0.0,0,0.0,0.0,2
15,1,13,0.0,0.0,0.0,0,0.0,0.0,1
15,1,10,0.0,0.0,0.0,0,0.0,0.0,1
15,1,42,0.0,0.0,620597.0,620597,48.0,0.0,2
15,2,43,3.0,25.0,0.0,0,0.0,0.0,2
15,2,18,0.0,0.0,0.0,0,0.0,0.0,2
15,1,13,0.0,0.0,0.0,0,0.0,0.0,1
15,2,7,0.0,0.0,0.0,0,0.0,0.0,1
15,1,75,0.0,0.0,0.0,0,0.0,0.0,2
15,2,70,4.0,25.0,0.0,0,0.0,0.0,2
15,1,35,0.0,0.0,0.0,0,0.0,0.0,3
15,1,47,0.0,0.0,350000.0,350000,54.0,0.0,2
15,2,44,2.0,34.0,0.0,0,0.0,0.0,2
15,2,10,0.0,0.0,0.0,0,0.0,0.0,1
15,1,6,0.0,0.0,0.0,0,0.0,0.0,1
15,1,35,0.0,0.0,900000.0,900000,72.0,0.0,2
15,2,35,2.0,25.0,900000.0,900000,72.0,0.0,2
15,1,5,0.0,0.0,0.0,0,0.0,0.0,1
15,1,9,0.0,0.0,0.0,0,0.0,0.0,1
15,2,48,3.0,22.0,0.0,0,0.0,0.0,2
15,2,24,99.0,0.0,0.0,0,0.0,0.0,3
15,1,19,0.0,0.0,0.0,0,0.0,0.0,2
15,1,7,0.0,0.0,0.0,0,0.0,0.0,1
15,2,81,0.0,0.0,0.0,0,0.0,0.0,2
15,1,42,0.0,0.0,500000.0,500000,112.0,0.0,2
15,2,39,3.0,20.0,0.0,0,0.0,0.0,3
15,2,15,0.0,0.0,0.0,0,0.0,0.0,2
15,2,3,0.0,0.0,0.0,0,0.0,0.0,1
15,2,60,3.0,23.0,0.0,0,0.0,0.0,3
15,1,31,0.0,0.0,800000.0,800000,42.0,0.0,3
15,2,21,0.0,0.0,0.0,0,0.0,0.0,3
15,1,79,0.0,0.0,0.0,0,0.0,0.0,2
15,2,51,0.0,0.0,400000.0,400000,48.0,0.0,3
15,1,22,0.0,0.0,550000.0,550000,48.0,0.0,2
15,2,33,0.0,0.0,1500000.0,1500000,48.0,0.0,3
15,1,47,0.0,0.0,300000.0,300000,45.0,0.0,3
15,2,44,1.0,25.0,280000.0,280000,45.0,0.0,3
15,1,38,0.0,0.0,600000.0,600000,48.0,0.0,2
15,1,6,0.0,0.0,0.0,0,0.0,0.0,1
15,2,40,2.0,22.0,0.0,0,0.0,0.0,2
15,2,76,5.0,18.0,0.0,0,0.0,0.0,2
15,1,54,0.0,0.0,0.0,0,0.0,0.0,2
15,2,40,2.0,27.0,300000.0,300000,48.0,0.0,2
15,2,69,1.0,27.0,0.0,0,0.0,0.0,2
15,1,46,0.0,0.0,300000.0,300000,48.0,0.0,2
15,1,13,0.0,0.0,0.0,0,0.0,0.0,1
15,1,10,0.0,0.0,0.0,0,0.0,0.0,1
15,1,39,0.0,0.0,768708.0,768708,45.0,0.0,3
15,2,38,2.0,99.0,493712.0,493712,45.0,0.0,3
15,2,12,0.0,0.0,0.0,0,0.0,0.0,1
15,1,4,0.0,0.0,0.0,0,0.0,0.0,1
15,1,73,0.0,0.0,0.0,0,0.0,0.0,2
15,2,69,0.0,0.0,0.0,0,0.0,0.0,1
15,1,40,0.0,0.0,0.0,0,0.0,0.0,2
15,2,48,1.0,20.0,600000.0,600000,45.0,0.0,3
15,1,46,0.0,0.0,800000.0,800000,46.0,0.0,3
15,1,60,0.0,0.0,600000.0,600000,70.0,0.0,2
15,2,63,1.0,29.0,0.0,0,0.0,0.0,3
15,2,65,2.0,30.0,400000.0,400000,45.0,0.0,2
15,1,77,0.0,0.0,0.0,0,0.0,0.0,2
15,2,47,5.0,19.0,350000.0,350000,120.0,0.0,2
15,2,24,0.0,0.0,350000.0,350000,45.0,0.0,3
15,1,11,0.0,0.0,0.0,0,0.0,0.0,1
15,2,53,2.0,29.0,400000.0,400000,45.0,0.0,3
15,2,23,1.0,16.0,0.0,0,0.0,0.0,3
15,2,17,1.0,15.0,0.0,0,0.0,0.0,2
15,2,6,0.0,0.0,0.0,0,0.0,0.0,1
15,2,1,0.0,0.0,0.0,0,0.0,0.0,1
15,2,77,2.0,22.0,0.0,0,0.0,0.0,2
15,1,64,0.0,0.0,250000.0,250000,40.0,0.0,3
15,2,61,3.0,22.0,0.0,0,0.0,0.0,2
15,2,29,0.0,0.0,0.0,0,0.0,0.0,3
15,1,27,0.0,0.0,800000.0,800000,84.0,0.0,3
15,2,75,2.0,23.0,300000.0,300000,40.0,0.0,1
15,1,50,0.0,0.0,300000.0,300000,48.0,0.0,2
15,1,36,0.0,0.0,400000.0,400000,84.0,0.0,2
15,2,36,3.0,24.0,0.0,0,0.0,0.0,2
15,2,11,0.0,0.0,0.0,0,0.0,0.0,1
15,2,9,0.0,0.0,0.0,0,0.0,0.0,1
15,1,1,0.0,0.0,0.0,0,0.0,0.0,1
15,1,35,0.0,0.0,500000.0,500000,45.0,0.0,3
15,2,39,2.0,26.0,550000.0,550000,45.0,0.0,3
15,2,12,0.0,0.0,0.0,0,0.0,0.0,1
15,1,1,0.0,0.0,0.0,0,0.0,0.0,1
15,1,49,0.0,0.0,0.0,0,0.0,0.0,2
15,2,48,3.0,14.0,0.0,0,0.0,0.0,2
15,2,14,0.0,0.0,0.0,0,0.0,0.0,1
15,1,34,0.0,0.0,260000.0,260000,45.0,0.0,2
15,1,20,0.0,0.0,260000.0,260000,45.0,0.0,2
15,1,14,0.0,0.0,0.0,0,0.0,0.0,1
15,1,43,0.0,0.0,300000.0,300000,45.0,0.0,3
15,2,31,1.0,24.0,350000.0,350000,45.0,0.0,3
15,1,7,0.0,0.0,0.0,0,0.0,0.0,1
15,1,84,0.0,0.0,0.0,0,0.0,0.0,1
15,2,81,4.0,22.0,0.0,0,0.0,0.0,1
15,2,58,3.0,20.0,0.0,0,0.0,0.0,2
15,1,26,0.0,0.0,507597.0,507597,45.0,0.0,3
15,2,20,2.0,18.0,0.0,0,0.0,0.0,2
15,1,22,0.0,0.0,360000.0,360000,45.0,0.0,2
15,2,2,0.0,0.0,0.0,0,0.0,0.0,1
15,1,57,0.0,0.0,800000.0,800000,48.0,0.0,2
15,2,55,2.0,29.0,300000.0,300000,48.0,0.0,2
15,1,25,0.0,0.0,872386.0,872386,24.0,2.0,3
15,1,41,0.0,0.0,200000.0,200000,6.0,0.0,2
15,2,31,1.0,19.0,60000.0,60000,18.0,0.0,2
15,1,12,0.0,0.0,0.0,0,0.0,0.0,1
15,1,61,0.0,0.0,20000.0,20000,8.0,0.0,2
15,1,28,0.0,0.0,250000.0,250000,45.0,0.0,2
15,2,25,0.0,0.0,0.0,0,0.0,0.0,3
15,2,35,3.0,16.0,0.0,0,0.0,0.0,2
15,2,12,0.0,0.0,0.0,0,0.0,0.0,1
15,2,12,0.0,0.0,0.0,0,0.0,0.0,1
15,1,20,0.0,0.0,0.0,0,0.0,0.0,2
15,1,63,0.0,0.0,224000.0,224000,84.0,0.0,2
15,2,55,1.0,18.0,0.0,0,0.0,0.0,1
15,2,37,2.0,15.0,240000.0,240000,45.0,0.0,2
15,2,74,4.0,17.0,0.0,0,0.0,0.0,2
15,1,61,0.0,0.0,0.0,0,0.0,0.0,3
15,1,35,0.0,0.0,280000.0,280000,48.0,0.0,2
15,1,39,0.0,0.0,1000000.0,1000000,84.0,0.0,3
15,2,31,2.0,16.0,0.0,0,0.0,0.0,2
15,1,18,0.0,0.0,0.0,0,0.0,0.0,2
15,2,15,0.0,0.0,0.0,0,0.0,0.0,2
15,2,2,0.0,0.0,0.0,0,0.0,0.0,1
15,1,45,0.0,0.0,500000.0,500000,45.0,0.0,3
15,1,20,0.0,0.0,0.0,0,0.0,0.0,2
15,1,19,0.0,0.0,0.0,0,0.0,0.0,3
15,1,60,0.0,0.0,600000.0,600000,45.0,0.0,2
15,2,55,4.0,19.0,0.0,0,0.0,0.0,2
15,2,30,1.0,24.0,0.0,0,0.0,0.0,3
15,1,7,0.0,0.0,0.0,0,0.0,0.0,1
15,1,59,0.0,0.0,2148544.0,2148544,30.0,4.0,3
15,2,57,2.0,24.0,0.0,0,0.0,0.0,2
15,2,31,1.0,20.0,240000.0,240000,45.0,0.0,3
15,1,12,0.0,0.0,0.0,0,0.0,0.0,1
15,1,64,0.0,0.0,400000.0,400000,48.0,0.0,1
15,1,41,0.0,0.0,500000.0,500000,48.0,0.0,2
15,1,75,0.0,0.0,0.0,0,70.0,0.0,2
15,1,39,0.0,0.0,600000.0,600000,48.0,0.0,2
15,2,34,2.0,18.0,400000.0,400000,48.0,0.0,2
15,1,12,0.0,0.0,0.0,0,0.0,0.0,1
15,2,16,0.0,0.0,0.0,0,0.0,0.0,2
15,2,78,0.0,0.0,0.0,0,0.0,0.0,1
15,2,77,4.0,18.0,0.0,0,0.0,0.0,2
15,1,78,0.0,0.0,0.0,0,0.0,0.0,1
15,2,75,1.0,22.0,0.0,0,0.0,0.0,1
15,2,59,4.0,17.0,380000.0,380000,45.0,0.0,2
15,2,42,2.0,20.0,500000.0,500000,45.0,0.0,2
15,2,23,1.0,19.0,400000.0,400000,45.0,0.0,2
15,1,68,0.0,0.0,0.0,0,0.0,0.0,2
15,2,10,0.0,0.0,0.0,0,0.0,0.0,1
15,1,35,0.0,0.0,500000.0,500000,50.0,0.0,99
15,2,4,0.0,0.0,0.0,0,0.0,0.0,1
15,2,64,4.0,17.0,0.0,0,0.0,0.0,2
15,2,41,1.0,25.0,70000.0,70000,21.0,5.0,2
15,1,13,0.0,0.0,0.0,0,0.0,0.0,1
15,2,74,5.0,19.0,0.0,0,0.0,0.0,1
15,2,45,1.0,19.0,250000.0,250000,24.0,0.0,2
15,2,30,4.0,16.0,150000.0,150000,45.0,0.0,2
15,2,15,0.0,0.0,0.0,0,0.0,0.0,2
15,1,13,0.0,0.0,0.0,0,0.0,0.0,1
15,2,6,0.0,0.0,0.0,0,0.0,0.0,1
15,1,4,0.0,0.0,0.0,0,0.0,0.0,1
15,1,43,0.0,0.0,0.0,0,0.0,0.0,2
15,2,40,2.0,18.0,80000.0,80000,12.0,0.0,1
15,1,42,0.0,0.0,200000.0,200000,45.0,2.0,2
15,1,24,0.0,0.0,0.0,0,0.0,0.0,2
15,1,11,0.0,0.0,0.0,0,0.0,0.0,1
15,2,63,3.0,21.0,0.0,0,0.0,0.0,2
15,2,41,1.0,18.0,60000.0,60000,12.0,0.0,2
15,1,18,0.0,0.0,0.0,0,0.0,0.0,2
15,2,42,3.0,21.0,240000.0,240000,45.0,0.0,2
15,1,7,0.0,0.0,0.0,0,0.0,0.0,1
15,1,5,0.0,0.0,0.0,0,0.0,0.0,1
15,2,22,1.0,17.0,240000.0,240000,35.0,0.0,3
15,2,5,0.0,0.0,0.0,0,0.0,0.0,1
15,1,55,0.0,0.0,400000.0,400000,45.0,0.0,2
15,2,54,2.0,26.0,0.0,0,0.0,0.0,2
15,1,28,0.0,0.0,0.0,0,0.0,0.0,2
15,1,21,0.0,0.0,350000.0,350000,6.0,0.0,2
15,2,70,7.0,19.0,50000.0,50000,50.0,0.0,1
15,2,56,1.0,15.0,0.0,0,48.0,0.0,2
15,1,42,0.0,0.0,0.0,0,45.0,0.0,3
15,1,38,0.0,0.0,0.0,0,120.0,0.0,3
15,1,69,0.0,0.0,40000.0,40000,30.0,0.0,3
15,2,67,5.0,18.0,0.0,0,0.0,0.0,1
15,2,42,4.0,15.0,220000.0,220000,45.0,0.0,2
15,1,25,0.0,0.0,100000.0,100000,20.0,0.0,2
15,1,18,0.0,0.0,0.0,0,0.0,0.0,2
15,2,6,0.0,0.0,0.0,0,0.0,0.0,1
15,2,46,2.0,18.0,260000.0,260000,45.0,0.0,1
15,1,53,0.0,0.0,600000.0,600000,70.0,0.0,2
15,2,54,3.0,27.0,0.0,0,0.0,0.0,1
15,2,27,0.0,0.0,0.0,0,0.0,0.0,3
15,2,15,0.0,0.0,0.0,0,0.0,0.0,2
15,2,26,2.0,21.0,0.0,0,0.0,0.0,2
15,2,4,0.0,0.0,0.0,0,0.0,0.0,1
15,1,0,0.0,0.0,0.0,0,0.0,0.0,1
15,1,52,0.0,0.0,0.0,0,63.0,0.0,2
15,2,38,6.0,15.0,0.0,0,0.0,0.0,1
15,1,18,0.0,0.0,0.0,0,0.0,0.0,2
15,1,17,0.0,0.0,0.0,0,0.0,0.0,2
15,1,14,0.0,0.0,0.0,0,0.0,0.0,1
15,1,13,0.0,0.0,0.0,0,0.0,0.0,1
15,1,7,0.0,0.0,0.0,0,0.0,0.0,1
15,1,60,0.0,0.0,296216.0,296216,40.0,0.0,2
15,2,59,2.0,27.0,200000.0,200000,40.0,0.0,1
15,1,30,0.0,0.0,300000.0,300000,40.0,0.0,2
15,1,27,0.0,0.0,560937.0,560937,84.0,0.0,2
15,2,28,2.0,19.0,0.0,0,0.0,0.0,2
15,1,9,0.0,0.0,0.0,0,0.0,0.0,1
15,2,1,0.0,0.0,0.0,0,0.0,0.0,1
15,2,69,1.0,24.0,0.0,0,0.0,0.0,2
15,1,49,0.0,0.0,380000.0,380000,48.0,0.0,2
15,2,51,3.0,19.0,250000.0,250000,48.0,0.0,2
15,1,48,0.0,0.0,450000.0,450000,45.0,0.0,2
15,2,44,2.0,26.0,0.0,0,0.0,0.0,2
15,1,21,0.0,0.0,0.0,0,0.0,0.0,2
15,1,54,0.0,0.0,180000.0,180000,30.0,0.0,2
15,2,50,4.0,21.0,0.0,0,0.0,0.0,1
15,2,10,0.0,0.0,0.0,0,0.0,0.0,1
15,1,12,0.0,0.0,0.0,0,0.0,0.0,1
15,1,21,0.0,0.0,250000.0,250000,45.0,0.0,2
15,2,21,1.0,20.0,0.0,0,0.0,0.0,2
15,1,0,0.0,0.0,0.0,0,0.0,0.0,1
15,1,28,0.0,0.0,260000.0,260000,48.0,0.0,2
15,2,30,3.0,20.0,0.0,0,0.0,0.0,2
15,1,10,0.0,0.0,0.0,0,0.0,0.0,1
15,1,7,0.0,0.0,0.0,0,0.0,0.0,1
15,1,1,0.0,0.0,0.0,0,0.0,0.0,1
15,2,29,4.0,21.0,0.0,0,0.0,0.0,2
15,1,33,0.0,0.0,200000.0,200000,45.0,0.0,2
15,2,7,0.0,0.0,0.0,0,0.0,0.0,1
15,1,5,0.0,0.0,0.0,0,0.0,0.0,1
15,1,3,0.0,0.0,0.0,0,0.0,0.0,1
15,1,0,0.0,0.0,0.0,0,0.0,0.0,1
15,2,41,3.0,18.0,120000.0,120000,24.0,0.0,2
15,2,23,0.0,0.0,64000.0,64000,16.0,5.0,3
15,1,13,0.0,0.0,0.0,0,0.0,0.0,1
15,1,11,0.0,0.0,0.0,0,0.0,0.0,1
15,1,46,0.0,0.0,500000.0,500000,40.0,0.0,2
15,2,47,2.0,24.0,0.0,0,0.0,0.0,3
15,2,23,0.0,0.0,0.0,0,0.0,0.0,3
15,1,12,0.0,0.0,0.0,0,0.0,0.0,1
15,1,35,0.0,0.0,380000.0,380000,40.0,0.0,2
15,2,56,6.0,19.0,240000.0,240000,45.0,0.0,1
15,2,28,0.0,0.0,200000.0,200000,45.0,0.0,2
15,1,22,0.0,0.0,0.0,0,0.0,0.0,3
15,1,20,0.0,0.0,0.0,0,0.0,0.0,2
15,1,18,0.0,0.0,0.0,0,0.0,0.0,2
15,1,26,0.0,0.0,235000.0,235000,45.0,0.0,2
15,2,30,1.0,26.0,0.0,0,0.0,0.0,2
15,1,3,0.0,0.0,0.0,0,0.0,0.0,1
15,1,45,0.0,0.0,280000.0,280000,45.0,0.0,2
15,2,43,3.0,21.0,240000.0,240000,45.0,0.0,2
15,1,22,0.0,0.0,500000.0,500000,45.0,0.0,3
15,2,22,2.0,22.0,0.0,0,0.0,0.0,3
15,1,0,0.0,0.0,0.0,0,0.0,0.0,1
15,1,0,0.0,0.0,0.0,0,0.0,0.0,1
15,1,17,0.0,0.0,0.0,0,0.0,0.0,2
15,2,7,0.0,0.0,0.0,0,0.0,0.0,1
15,1,57,0.0,0.0,350000.0,350000,70.0,0.0,2
15,2,55,5.0,17.0,168000.0,168000,30.0,0.0,2
15,1,34,0.0,0.0,120000.0,120000,45.0,0.0,1
15,2,15,1.0,15.0,0.0,0,0.0,0.0,1
15,2,13,0.0,0.0,0.0,0,0.0,0.0,1
15,2,0,0.0,0.0,0.0,0,0.0,0.0,1
15,2,42,4.0,19.0,1000000.0,1000000,48.0,0.0,3
15,1,50,0.0,0.0,0.0,0,0.0,0.0,2
15,1,21,0.0,0.0,0.0,0,0.0,0.0,3
15,2,13,0.0,0.0,0.0,0,0.0,0.0,1
15,2,8,0.0,0.0,0.0,0,0.0,0.0,1
15,1,23,0.0,0.0,250000.0,250000,78.0,0.0,2
15,2,23,1.0,21.0,0.0,0,0.0,0.0,2
15,1,2,0.0,0.0,0.0,0,0.0,0.0,1
15,1,31,0.0,0.0,280000.0,280000,45.0,0.0,2
15,2,8,0.0,0.0,0.0,0,0.0,0.0,1
15,2,52,2.0,24.0,0.0,0,0.0,0.0,1
15,2,34,1.0,30.0,400000.0,400000,40.0,0.0,2
15,1,4,0.0,0.0,0.0,0,0.0,0.0,1
15,2,28,1.0,16.0,300000.0,300000,50.0,0.0,3
15,1,40,0.0,0.0,300000.0,300000,50.0,0.0,2
15,2,12,0.0,0.0,0.0,0,0.0,0.0,1
15,1,59,0.0,0.0,450000.0,450000,50.0,0.0,2
15,2,59,2.0,28.0,0.0,0,0.0,0.0,2
15,1,28,0.0,0.0,2000000.0,2000000,49.0,0.0,3
15,2,59,2.0,23.0,0.0,0,0.0,0.0,3
15,1,69,0.0,0.0,0.0,0,0.0,0.0,3
15,1,30,0.0,0.0,500000.0,500000,56.0,0.0,3
15,2,20,1.0,18.0,40000.0,40000,5.0,0.0,2
15,1,2,0.0,0.0,0.0,0,0.0,0.0,1
15,1,48,0.0,0.0,125000.0,125000,50.0,0.0,1
15,1,61,0.0,0.0,200000.0,200000,55.0,0.0,1
15,2,62,2.0,22.0,0.0,0,0.0,0.0,2
15,1,52,0.0,0.0,800000.0,800000,50.0,0.0,2
15,2,50,2.0,23.0,120000.0,120000,4.0,0.0,2
15,1,27,0.0,0.0,1400000.0,1400000,45.0,0.0,3
15,2,22,0.0,0.0,0.0,0,0.0,0.0,3
15,1,47,0.0,0.0,200000.0,200000,40.0,0.0,3
15,2,43,2.0,19.0,40000.0,40000,8.0,0.0,2
15,1,17,0.0,0.0,0.0,0,0.0,0.0,2
15,2,29,1.0,16.0,160000.0,160000,20.0,0.0,2
15,2,12,0.0,0.0,0.0,0,0.0,0.0,1
15,1,50,0.0,0.0,450000.0,450000,45.0,0.0,2
15,2,45,4.0,18.0,115000.0,115000,24.0,0.0,2
15,2,24,1.0,21.0,0.0,0,0.0,0.0,2
15,1,22,0.0,0.0,220000.0,220000,45.0,0.0,2
15,2,20,1.0,18.0,160000.0,160000,55.0,0.0,2
15,2,3,0.0,0.0,0.0,0,0.0,0.0,1
15,1,3,0.0,0.0,0.0,0,0.0,0.0,1
15,1,2,0.0,0.0,0.0,0,0.0,0.0,1
15,2,41,3.0,15.0,350000.0,350000,84.0,0.0,2
15,1,41,0.0,0.0,300000.0,300000,48.0,0.0,2
15,2,20,0.0,0.0,0.0,0,0.0,0.0,2
15,2,5,0.0,0.0,0.0,0,0.0,0.0,1
15,2,85,99.0,0.0,0.0,0,0.0,0.0,1
15,1,63,0.0,0.0,220000.0,220000,40.0,0.0,1
15,2,57,2.0,27.0,32000.0,32000,6.0,0.0,1
15,1,30,0.0,0.0,300000.0,300000,40.0,0.0,2
15,1,19,0.0,0.0,220000.0,220000,40.0,0.0,2
15,1,50,0.0,0.0,250000.0,250000,45.0,0.0,2
15,2,49,0.0,0.0,0.0,0,0.0,0.0,2
15,1,53,0.0,0.0,700000.0,700000,48.0,0.0,2
15,2,47,2.0,24.0,400000.0,400000,10.0,0.0,2
15,2,15,0.0,0.0,0.0,0,0.0,0.0,2
15,1,28,0.0,0.0,850000.0,850000,40.0,0.0,3
15,2,28,2.0,18.0,550000.0,550000,48.0,0.0,2
15,1,2,0.0,0.0,0.0,0,0.0,0.0,1
15,2,34,1.0,16.0,611228.0,611228,45.0,0.0,3
15,1,18,0.0,0.0,0.0,0,0.0,0.0,2
15,2,47,5.0,18.0,200000.0,200000,24.0,0.0,1
15,1,20,0.0,0.0,0.0,0,0.0,0.0,3
15,1,12,0.0,0.0,0.0,0,0.0,0.0,1
15,2,38,4.0,16.0,200000.0,200000,42.0,0.0,2
15,1,21,0.0,0.0,0.0,0,0.0,0.0,2
15,1,13,0.0,0.0,0.0,0,0.0,0.0,1
15,2,5,0.0,0.0,0.0,0,0.0,0.0,1
15,1,0,0.0,0.0,0.0,0,0.0,0.0,1
15,1,37,0.0,0.0,150000.0,150000,45.0,0.0,2
15,2,32,2.0,19.0,150000.0,150000,45.0,0.0,2
15,2,12,0.0,0.0,0.0,0,0.0,0.0,1
15,1,4,0.0,0.0,0.0,0,0.0,0.0,1
15,1,41,0.0,0.0,600000.0,600000,45.0,0.0,2
15,2,38,3.0,19.0,180000.0,180000,45.0,0.0,2
15,1,17,0.0,0.0,0.0,0,0.0,0.0,2
15,1,14,0.0,0.0,0.0,0,0.0,0.0,2
15,1,8,0.0,0.0,0.0,0,0.0,0.0,1
15,1,64,0.0,0.0,300000.0,300000,45.0,0.0,1
15,2,60,3.0,19.0,0.0,0,0.0,0.0,1
15,1,42,0.0,0.0,300000.0,300000,48.0,0.0,2
15,2,42,3.0,24.0,0.0,0,0.0,0.0,1
15,1,9,0.0,0.0,0.0,0,0.0,0.0,1
15,2,3,0.0,0.0,0.0,0,0.0,0.0,1
15,1,37,0.0,0.0,280000.0,280000,60.0,0.0,2
15,2,32,2.0,19.0,0.0,0,25.0,0.0,2
15,2,12,0.0,0.0,0.0,0,0.0,0.0,1
15,1,10,0.0,0.0,0.0,0,0.0,0.0,1
15,2,38,1.0,20.0,100000.0,100000,18.0,0.0,2
15,2,18,0.0,0.0,0.0,0,0.0,0.0,2
15,2,43,2.0,15.0,180000.0,180000,32.0,0.0,2
15,1,5,0.0,0.0,0.0,0,0.0,0.0,1
15,2,43,3.0,22.0,215000.0,215000,40.0,0.0,2
15,1,21,0.0,0.0,300000.0,300000,40.0,0.0,3
15,1,18,0.0,0.0,0.0,0,0.0,0.0,2
15,1,12,0.0,0.0,0.0,0,0.0,0.0,1
15,2,70,3.0,18.0,0.0,0,0.0,0.0,2
15,2,30,0.0,0.0,900000.0,900000,45.0,0.0,3
15,2,53,1.0,17.0,120000.0,120000,30.0,0.0,1
15,1,47,0.0,0.0,800000.0,800000,48.0,0.0,2
15,2,48,4.0,18.0,0.0,0,0.0,0.0,2
15,2,25,0.0,0.0,0.0,0,0.0,0.0,3
15,2,22,0.0,0.0,0.0,0,0.0,0.0,3
15,1,52,0.0,0.0,350000.0,350000,45.0,0.0,2
15,2,50,1.0,33.0,250000.0,250000,30.0,0.0,2
15,1,17,0.0,0.0,0.0,0,0.0,0.0,2
15,1,55,0.0,0.0,0.0,0,0.0,0.0,1
15,1,18,0.0,0.0,0.0,0,0.0,0.0,2
15,2,38,2.0,15.0,700000.0,700000,43.0,0.0,4
15,1,30,0.0,0.0,300000.0,300000,48.0,0.0,2
15,1,1,0.0,0.0,0.0,0,0.0,0.0,1
15,1,68,0.0,0.0,180000.0,180000,48.0,0.0,1
15,2,65,3.0,20.0,0.0,0,0.0,0.0,1
15,1,45,0.0,0.0,200000.0,200000,16.0,0.0,1
15,1,31,0.0,0.0,200000.0,200000,16.0,0.0,2
15,2,33,0.0,0.0,50000.0,50000,16.0,0.0,1
15,1,73,0.0,0.0,0.0,0,0.0,0.0,1
15,1,46,0.0,0.0,250000.0,250000,77.0,0.0,2
15,2,44,3.0,23.0,0.0,0,77.0,0.0,2
15,2,17,99.0,0.0,0.0,0,0.0,0.0,2
15,1,19,0.0,0.0,0.0,0,0.0,0.0,2
15,1,21,0.0,0.0,0.0,0,0.0,0.0,2
15,2,43,2.0,20.0,350000.0,350000,60.0,0.0,2
15,2,23,0.0,0.0,0.0,0,0.0,0.0,2
15,1,12,0.0,0.0,0.0,0,0.0,0.0,1
15,1,39,0.0,0.0,253381.0,253381,48.0,0.0,2
15,2,37,3.0,19.0,40000.0,40000,9.0,0.0,2
15,2,17,0.0,0.0,0.0,0,0.0,0.0,2
15,1,13,0.0,0.0,0.0,0,0.0,0.0,1
15,2,6,0.0,0.0,0.0,0,0.0,0.0,1
15,1,63,0.0,0.0,0.0,0,12.0,0.0,1
15,2,64,2.0,26.0,0.0,0,0.0,0.0,1
15,2,32,1.0,25.0,0.0,0,0.0,0.0,3
15,1,34,0.0,0.0,400000.0,400000,84.0,0.0,2
15,2,7,0.0,0.0,0.0,0,0.0,0.0,1
15,2,42,4.0,20.0,40000.0,40000,24.0,0.0,2
15,2,11,0.0,0.0,0.0,0,0.0,0.0,1
15,2,11,0.0,0.0,0.0,0,0.0,0.0,1
15,2,23,1.0,18.0,40000.0,40000,24.0,0.0,2
15,1,25,0.0,0.0,150000.0,150000,50.0,0.0,1
15,1,5,0.0,0.0,0.0,0,0.0,0.0,1
15,1,45,0.0,0.0,400000.0,400000,48.0,0.0,2
15,2,42,3.0,20.0,0.0,0,0.0,0.0,2
15,2,17,0.0,0.0,0.0,0,0.0,0.0,2
15,2,13,0.0,0.0,0.0,0,0.0,0.0,1
15,1,48,0.0,0.0,2000000.0,2000000,72.0,0.0,3
15,2,46,2.0,25.0,4000000.0,4000000,30.0,0.0,2
15,1,14,0.0,0.0,0.0,0,0.0,0.0,1
15,1,21,0.0,0.0,0.0,0,0.0,0.0,3
15,1,53,0.0,0.0,280000.0,280000,45.0,0.0,2
15,2,43,2.0,17.0,0.0,0,0.0,0.0,2
15,1,27,0.0,0.0,400000.0,400000,45.0,0.0,3
15,2,24,0.0,0.0,0.0,0,0.0,0.0,3
15,1,50,0.0,0.0,600000.0,600000,48.0,0.0,2
15,1,14,0.0,0.0,0.0,0,0.0,0.0,2
15,2,40,1.0,26.0,0.0,0,0.0,0.0,2
15,1,66,0.0,0.0,0.0,0,0.0,0.0,1
15,2,60,3.0,25.0,0.0,0,0.0,0.0,1
15,1,25,0.0,0.0,270000.0,270000,45.0,0.0,3
15,2,15,0.0,0.0,0.0,0,0.0,0.0,2
15,2,42,2.0,24.0,112000.0,112000,22.0,0.0,2
15,1,11,0.0,0.0,0.0,0,0.0,0.0,1
15,1,18,0.0,0.0,0.0,0,0.0,0.0,2
15,2,43,3.0,17.0,225000.0,225000,45.0,0.0,2
15,1,25,0.0,0.0,0.0,0,0.0,0.0,3
15,1,21,0.0,0.0,0.0,0,0.0,0.0,3
15,2,9,0.0,0.0,0.0,0,0.0,0.0,1
15,1,50,0.0,0.0,400000.0,400000,45.0,0.0,2
15,2,50,2.0,25.0,0.0,0,0.0,0.0,3
15,1,17,0.0,0.0,0.0,0,0.0,0.0,2
15,1,50,0.0,0.0,300000.0,300000,45.0,0.0,1
15,2,54,2.0,22.0,0.0,0,0.0,0.0,2
15,1,29,0.0,0.0,241000.0,241000,45.0,0.0,2
15,1,26,0.0,0.0,0.0,0,45.0,0.0,2
15,2,43,2.0,22.0,241000.0,241000,54.0,0.0,1
15,1,21,0.0,0.0,241000.0,241000,45.0,0.0,3
15,2,21,0.0,0.0,130000.0,130000,30.0,0.0,3
15,1,17,0.0,0.0,0.0,0,0.0,0.0,2
15,1,5,0.0,0.0,0.0,0,0.0,0.0,1
15,2,59,3.0,15.0,180000.0,180000,48.0,0.0,1
15,1,32,0.0,0.0,260000.0,260000,48.0,0.0,2
15,1,37,0.0,0.0,380000.0,380000,84.0,0.0,2
15,1,64,0.0,0.0,180000.0,180000,40.0,0.0,1
15,2,64,3.0,19.0,0.0,0,0.0,0.0,1
15,1,57,0.0,0.0,300000.0,300000,48.0,0.0,1
15,2,50,5.0,15.0,0.0,0,0.0,0.0,1
15,1,14,0.0,0.0,0.0,0,0.0,0.0,2
15,1,12,0.0,0.0,0.0,0,0.0,0.0,1
15,1,78,0.0,0.0,0.0,0,0.0,0.0,1
15,2,67,1.0,99.0,0.0,0,0.0,0.0,1
15,1,51,0.0,0.0,300000.0,300000,48.0,0.0,2
15,2,45,3.0,17.0,0.0,0,0.0,0.0,2
15,1,22,0.0,0.0,280000.0,280000,48.0,0.0,2
15,1,18,0.0,0.0,200000.0,200000,28.0,0.0,2
15,2,17,1.0,16.0,0.0,0,0.0,0.0,2
15,2,0,0.0,0.0,0.0,0,0.0,0.0,1
15,1,58,0.0,0.0,480000.0,480000,77.0,0.0,2
15,1,31,0.0,0.0,251000.0,251000,45.0,0.0,2
15,2,28,1.0,25.0,251000.0,251000,45.0,0.0,2
15,1,26,0.0,0.0,450000.0,450000,45.0,0.0,2
15,2,28,2.0,18.0,0.0,0,0.0,0.0,2
15,1,9,0.0,0.0,0.0,0,0.0,0.0,1
15,1,6,0.0,0.0,0.0,0,0.0,0.0,1
15,2,3,0.0,0.0,0.0,0,0.0,0.0,1
15,2,53,2.0,21.0,0.0,0,0.0,0.0,2
15,1,40,0.0,0.0,0.0,0,0.0,0.0,2
15,2,37,4.0,18.0,0.0,0,0.0,0.0,3
15,2,66,1.0,29.0,0.0,0,0.0,0.0,1
15,1,18,0.0,0.0,0.0,0,0.0,0.0,2
15,1,5,0.0,0.0,0.0,0,0.0,0.0,1
15,2,70,3.0,22.0,35000.0,35000,18.0,0.0,1
15,2,19,0.0,0.0,153669.0,153669,18.0,0.0,2
15,2,12,0.0,0.0,0.0,0,0.0,0.0,1
15,1,58,0.0,0.0,450000.0,450000,45.0,0.0,1
15,2,55,3.0,17.0,0.0,0,0.0,0.0,1
15,1,26,0.0,0.0,0.0,0,0.0,0.0,2
15,1,30,0.0,0.0,350000.0,350000,45.0,0.0,2
15,2,30,2.0,21.0,100000.0,100000,5.0,0.0,3
15,1,8,0.0,0.0,0.0,0,0.0,0.0,1
15,2,1,0.0,0.0,0.0,0,0.0,0.0,1
15,2,42,3.0,17.0,150000.0,150000,25.0,0.0,1
15,2,22,0.0,0.0,0.0,0,0.0,0.0,2
15,1,12,0.0,0.0,0.0,0,0.0,0.0,1
15,1,60,0.0,0.0,600000.0,600000,45.0,0.0,2
15,2,58,3.0,18.0,250000.0,250000,48.0,0.0,1
15,1,14,0.0,0.0,0.0,0,0.0,0.0,2
15,2,77,3.0,99.0,25000.0,25000,12.0,0.0,1
15,2,58,3.0,18.0,250000.0,250000,45.0,0.0,2
15,1,61,0.0,0.0,500000.0,500000,45.0,0.0,2
15,1,15,0.0,0.0,0.0,0,0.0,0.0,1
15,2,76,3.0,15.0,0.0,0,0.0,0.0,2
15,2,43,4.0,19.0,120000.0,120000,23.0,0.0,1
15,1,47,0.0,0.0,215000.0,215000,60.0,0.0,2
15,1,22,0.0,0.0,0.0,0,0.0,0.0,2
15,1,16,0.0,0.0,0.0,0,0.0,0.0,2
15,1,12,0.0,0.0,0.0,0,0.0,0.0,1
15,1,7,0.0,0.0,0.0,0,0.0,0.0,1
15,2,38,6.0,19.0,137000.0,137000,25.0,0.0,1
15,2,19,0.0,0.0,0.0,0,0.0,0.0,3
15,2,18,0.0,0.0,0.0,0,0.0,0.0,2
15,1,15,0.0,0.0,0.0,0,0.0,0.0,1
15,1,11,0.0,0.0,0.0,0,0.0,0.0,1
15,1,9,0.0,0.0,0.0,0,0.0,0.0,1
15,2,2,0.0,0.0,0.0,0,0.0,0.0,1
15,1,63,0.0,0.0,250000.0,250000,45.0,0.0,2
15,2,19,0.0,0.0,0.0,0,0.0,0.0,2
15,2,54,2.0,25.0,53000.0,53000,7.0,0.0,2
15,2,29,4.0,17.0,150000.0,150000,22.0,0.0,1
15,2,11,0.0,0.0,0.0,0,0.0,0.0,1
15,2,3,0.0,0.0,0.0,0,0.0,0.0,1
15,1,2,0.0,0.0,0.0,0,0.0,0.0,1
15,1,42,0.0,0.0,260000.0,260000,9.0,0.0,2
15,2,40,2.0,20.0,0.0,0,0.0,0.0,2
15,1,20,0.0,0.0,0.0,0,0.0,0.0,3
15,1,16,0.0,0.0,0.0,0,0.0,0.0,2
15,1,40,0.0,0.0,0.0,0,0.0,0.0,2
15,2,33,4.0,19.0,400000.0,400000,60.0,0.0,2
15,1,14,0.0,0.0,0.0,0,0.0,0.0,1
15,1,7,0.0,0.0,0.0,0,0.0,0.0,1
15,2,5,0.0,0.0,0.0,0,0.0,0.0,1
15,1,2,0.0,0.0,0.0,0,0.0,0.0,1
15,2,46,4.0,26.0,160000.0,160000,25.0,0.0,1
15,2,18,0.0,0.0,0.0,0,0.0,0.0,2
15,2,18,0.0,0.0,0.0,0,0.0,0.0,2
15,2,16,0.0,0.0,0.0,0,0.0,0.0,2
15,2,13,0.0,0.0,0.0,0,0.0,0.0,1
15,2,42,4.0,18.0,252000.0,252000,45.0,0.0,2
15,1,23,0.0,0.0,0.0,0,0.0,0.0,3
15,2,21,1.0,19.0,0.0,0,0.0,0.0,3
15,1,7,0.0,0.0,0.0,0,0.0,0.0,1
15,2,2,0.0,0.0,0.0,0,0.0,0.0,1
15,2,45,2.0,24.0,100000.0,100000,31.0,0.0,2
15,2,21,1.0,16.0,0.0,0,0.0,0.0,3
15,1,13,0.0,0.0,0.0,0,0.0,0.0,1
15,2,4,0.0,0.0,0.0,0,0.0,0.0,1
15,1,48,0.0,0.0,450000.0,450000,40.0,0.0,2
15,2,44,5.0,18.0,25000.0,25000,42.0,0.0,2
15,1,12,0.0,0.0,0.0,0,0.0,0.0,1
15,1,10,0.0,0.0,0.0,0,0.0,0.0,1
15,1,7,0.0,0.0,0.0,0,0.0,0.0,1
15,1,45,0.0,0.0,300000.0,300000,48.0,0.0,2
15,2,46,3.0,20.0,300000.0,300000,48.0,0.0,2
15,1,13,0.0,0.0,0.0,0,0.0,0.0,1
15,1,25,0.0,0.0,240000.0,240000,40.0,0.0,2
15,2,29,3.0,16.0,48000.0,48000,8.0,5.0,2
15,1,3,0.0,0.0,0.0,0,0.0,0.0,1
15,1,13,0.0,0.0,0.0,0,0.0,0.0,1
15,2,11,0.0,0.0,0.0,0,0.0,0.0,1
15,1,64,0.0,0.0,460000.0,460000,72.0,0.0,3
15,2,63,4.0,26.0,0.0,0,0.0,0.0,2
15,1,22,0.0,0.0,0.0,0,0.0,0.0,3
15,2,68,1.0,42.0,0.0,0,0.0,0.0,3
15,1,27,0.0,0.0,500000.0,500000,48.0,0.0,3
15,1,74,0.0,0.0,0.0,0,0.0,0.0,1
15,2,69,4.0,19.0,0.0,0,0.0,0.0,1
15,2,50,0.0,0.0,0.0,0,0.0,0.0,2
15,2,38,1.0,38.0,0.0,0,0.0,0.0,3
15,1,0,0.0,0.0,0.0,0,0.0,0.0,1
15,1,63,0.0,0.0,0.0,0,56.0,0.0,2
15,2,59,3.0,20.0,700000.0,700000,48.0,0.0,3
15,1,26,0.0,0.0,0.0,0,0.0,0.0,3
15,2,20,0.0,0.0,0.0,0,0.0,0.0,3
15,1,44,0.0,0.0,650000.0,650000,84.0,0.0,2
15,1,66,0.0,0.0,0.0,0,0.0,0.0,2
15,2,32,2.0,19.0,800000.0,800000,48.0,0.0,3
15,1,13,0.0,0.0,0.0,0,0.0,0.0,1
15,1,6,0.0,0.0,0.0,0,0.0,0.0,1
15,1,29,0.0,0.0,230000.0,230000,48.0,0.0,3
15,2,26,0.0,0.0,320000.0,320000,10.0,0.0,3
15,1,58,0.0,0.0,0.0,0,0.0,0.0,2
15,2,59,3.0,29.0,700000.0,700000,48.0,0.0,2
15,1,20,0.0,0.0,300000.0,300000,45.0,2.0,3
15,2,27,2.0,21.0,75493.0,75493,45.0,2.0,3
15,2,6,0.0,0.0,0.0,0,0.0,0.0,1
15,2,2,0.0,0.0,0.0,0,0.0,0.0,1
15,1,40,0.0,0.0,500000.0,500000,50.0,0.0,2
15,1,10,0.0,0.0,0.0,0,0.0,0.0,1
15,1,42,0.0,0.0,300000.0,300000,50.0,0.0,2
15,2,40,3.0,22.0,0.0,0,0.0,0.0,2
15,1,18,0.0,0.0,0.0,0,0.0,0.0,2
15,1,11,0.0,0.0,0.0,0,0.0,0.0,1
15,1,2,0.0,0.0,0.0,0,0.0,0.0,1
15,2,35,1.0,17.0,500000.0,500000,45.0,0.0,3
15,1,42,0.0,0.0,0.0,0,0.0,0.0,2
15,1,18,0.0,0.0,0.0,0,0.0,0.0,2
15,2,69,2.0,24.0,0.0,0,0.0,0.0,2
15,2,32,0.0,0.0,427508.0,427508,45.0,0.0,3
15,1,50,0.0,0.0,250000.0,250000,50.0,0.0,2
15,1,52,0.0,0.0,427220.0,427220,60.0,0.0,2
15,1,72,0.0,0.0,0.0,0,0.0,0.0,2
15,1,30,0.0,0.0,799455.0,799455,45.0,0.0,3
15,2,40,1.0,31.0,0.0,0,0.0,0.0,2
15,1,9,0.0,0.0,0.0,0,0.0,0.0,1
15,2,59,5.0,18.0,100000.0,100000,48.0,0.0,1
15,2,22,1.0,17.0,0.0,0,0.0,0.0,2
15,2,20,0.0,0.0,210056.0,210056,48.0,0.0,3
15,2,5,0.0,0.0,0.0,0,0.0,0.0,1
15,2,54,4.0,20.0,190000.0,190000,45.0,0.0,2
15,1,22,0.0,0.0,190000.0,190000,45.0,0.0,3
15,2,22,0.0,0.0,0.0,0,0.0,0.0,3
15,2,24,1.0,20.0,190000.0,190000,45.0,0.0,3
15,1,27,0.0,0.0,300000.0,300000,84.0,0.0,3
15,2,4,0.0,0.0,0.0,0,0.0,0.0,1
15,1,33,0.0,0.0,680000.0,680000,84.0,0.0,2
15,2,3,0.0,0.0,0.0,0,0.0,0.0,1
15,2,14,0.0,0.0,0.0,0,0.0,0.0,1
15,2,1,0.0,0.0,0.0,0,0.0,0.0,1
15,2,35,3.0,21.0,0.0,0,0.0,0.0,2
15,2,54,1.0,30.0,60000.0,60000,5.0,0.0,3
15,1,50,0.0,0.0,30000.0,30000,12.0,0.0,2
15,1,24,0.0,0.0,200000.0,200000,45.0,0.0,3
15,2,21,3.0,16.0,0.0,0,0.0,0.0,2
15,2,5,0.0,0.0,0.0,0,0.0,0.0,1
15,1,3,0.0,0.0,0.0,0,0.0,0.0,1
15,2,0,0.0,0.0,0.0,0,0.0,0.0,1
15,2,22,2.0,18.0,0.0,0,0.0,0.0,2
15,1,4,0.0,0.0,0.0,0,0.0,0.0,1
15,2,0,0.0,0.0,0.0,0,0.0,0.0,1
15,2,63,3.0,20.0,0.0,0,0.0,0.0,1
15,1,70,0.0,0.0,0.0,0,0.0,0.0,1
15,2,39,2.0,25.0,40000.0,40000,8.0,2.0,2
15,2,7,0.0,0.0,0.0,0,0.0,0.0,1
15,2,14,0.0,0.0,0.0,0,0.0,0.0,1
15,2,28,3.0,19.0,340000.0,340000,45.0,0.0,3
15,2,57,5.0,16.0,0.0,0,0.0,0.0,2
15,1,9,0.0,0.0,0.0,0,0.0,0.0,1
15,2,5,0.0,0.0,0.0,0,0.0,0.0,1
15,1,3,0.0,0.0,0.0,0,0.0,0.0,1
15,1,47,0.0,0.0,3000000.0,3000000,48.0,2.0,3
15,2,21,0.0,0.0,0.0,0,0.0,0.0,3
15,2,46,3.0,25.0,845132.0,845132,30.0,0.0,3
15,1,17,0.0,0.0,0.0,0,0.0,0.0,2
15,1,9,0.0,0.0,0.0,0,0.0,0.0,1
15,1,40,0.0,0.0,480000.0,480000,84.0,0.0,3
15,2,37,2.0,25.0,0.0,0,0.0,0.0,3
15,1,12,0.0,0.0,0.0,0,0.0,0.0,1
15,2,9,0.0,0.0,0.0,0,0.0,0.0,1
15,1,44,0.0,0.0,2300000.0,2300000,48.0,0.0,3
15,2,41,3.0,30.0,0.0,0,0.0,0.0,3
15,1,11,0.0,0.0,0.0,0,0.0,0.0,1
15,2,4,0.0,0.0,0.0,0,0.0,0.0,1
15,2,2,0.0,0.0,0.0,0,0.0,0.0,1
15,1,59,0.0,0.0,0.0,0,0.0,0.0,3
15,2,57,2.0,30.0,0.0,0,0.0,0.0,2
15,1,25,0.0,0.0,0.0,0,0.0,0.0,3
15,2,65,0.0,0.0,0.0,0,0.0,0.0,3
15,2,60,4.0,28.0,350000.0,350000,45.0,0.0,3
15,2,30,1.0,24.0,360000.0,360000,45.0,0.0,3
15,1,18,0.0,0.0,0.0,0,0.0,0.0,2
15,2,6,0.0,0.0,0.0,0,0.0,0.0,1
15,1,23,0.0,0.0,260000.0,260000,45.0,0.0,3
15,1,68,0.0,0.0,0.0,0,0.0,0.0,1
15,2,67,3.0,25.0,0.0,0,0.0,0.0,2
15,1,35,0.0,0.0,220000.0,220000,48.0,0.0,2
15,1,65,0.0,0.0,240000.0,240000,56.0,0.0,1
15,2,59,3.0,18.0,240000.0,240000,56.0,0.0,1
15,2,43,2.0,33.0,240000.0,240000,45.0,0.0,2
15,2,9,0.0,0.0,0.0,0,0.0,0.0,1
15,2,4,0.0,0.0,0.0,0,0.0,0.0,1
15,1,42,0.0,0.0,180000.0,180000,60.0,0.0,1
15,2,41,0.0,0.0,0.0,0,0.0,0.0,2
15,1,64,0.0,0.0,150000.0,150000,55.0,0.0,1
15,2,64,4.0,18.0,0.0,0,55.0,0.0,1
15,2,30,2.0,17.0,321180.0,321180,45.0,0.0,2
15,1,28,0.0,0.0,230000.0,230000,48.0,0.0,2
15,2,24,1.0,22.0,0.0,0,0.0,0.0,1
15,2,2,0.0,0.0,0.0,0,0.0,0.0,1
15,2,57,7.0,20.0,200000.0,200000,45.0,0.0,1
15,1,16,0.0,0.0,0.0,0,0.0,0.0,2
15,2,85,2.0,99.0,0.0,0,0.0,0.0,1
15,2,39,2.0,14.0,120000.0,120000,45.0,0.0,2
15,1,25,0.0,0.0,0.0,0,0.0,0.0,2
15,1,60,0.0,0.0,315957.0,315957,60.0,0.0,2
15,2,54,1.0,38.0,180000.0,180000,45.0,0.0,2
15,1,17,0.0,0.0,0.0,0,0.0,0.0,2
15,2,62,3.0,19.0,222000.0,222000,120.0,0.0,1
15,1,61,0.0,0.0,150000.0,150000,30.0,0.0,2
15,1,70,0.0,0.0,80000.0,80000,25.0,0.0,1
15,2,65,5.0,14.0,0.0,0,0.0,0.0,2
15,1,68,0.0,0.0,45000.0,45000,8.0,0.0,2
15,2,66,8.0,19.0,12000.0,12000,54.0,0.0,1
15,1,78,0.0,0.0,0.0,0,0.0,0.0,2
15,1,30,0.0,0.0,200000.0,200000,45.0,0.0,2
15,2,13,0.0,0.0,0.0,0,0.0,0.0,1
15,1,40,0.0,0.0,180000.0,180000,40.0,0.0,2
15,2,30,2.0,22.0,0.0,0,0.0,0.0,2
15,1,8,0.0,0.0,0.0,0,0.0,0.0,1
15,2,4,0.0,0.0,0.0,0,0.0,0.0,1
15,1,50,0.0,0.0,250000.0,250000,48.0,0.0,2
15,2,34,1.0,21.0,0.0,0,0.0,0.0,2
15,1,13,0.0,0.0,0.0,0,0.0,0.0,1
15,1,74,0.0,0.0,0.0,0,0.0,0.0,2
15,2,76,2.0,27.0,0.0,0,0.0,0.0,2
15,1,71,0.0,0.0,200000.0,200000,30.0,0.0,1
15,2,63,4.0,18.0,0.0,0,0.0,0.0,1
15,1,64,0.0,0.0,0.0,0,0.0,0.0,1
15,1,62,0.0,0.0,180000.0,180000,45.0,0.0,2
15,2,52,3.0,18.0,180000.0,180000,45.0,0.0,2
15,1,59,0.0,0.0,150000.0,150000,36.0,0.0,1
15,2,60,2.0,31.0,0.0,0,0.0,0.0,2
15,1,52,0.0,0.0,150000.0,150000,35.0,0.0,1
15,2,51,7.0,15.0,90000.0,90000,18.0,0.0,1
15,1,15,0.0,0.0,0.0,0,0.0,0.0,2
15,2,14,0.0,0.0,0.0,0,0.0,0.0,1
15,1,17,0.0,0.0,0.0,0,0.0,0.0,2
15,1,27,0.0,0.0,140000.0,140000,40.0,0.0,2
15,2,25,1.0,15.0,200000.0,200000,30.0,0.0,2
15,2,9,0.0,0.0,0.0,0,0.0,0.0,1
15,2,54,3.0,22.0,48000.0,48000,8.0,0.0,1
15,1,32,0.0,0.0,0.0,0,0.0,0.0,1
15,2,62,3.0,30.0,40000.0,40000,48.0,0.0,1
15,2,29,3.0,17.0,0.0,0,0.0,0.0,1
15,1,11,0.0,0.0,0.0,0,0.0,0.0,1
15,2,2,0.0,0.0,0.0,0,0.0,0.0,1
15,1,75,0.0,0.0,0.0,0,0.0,0.0,2
15,2,64,2.0,20.0,0.0,0,0.0,0.0,1
15,2,38,4.0,18.0,160000.0,160000,45.0,2.0,2
15,1,27,0.0,0.0,600000.0,600000,45.0,2.0,2
15,2,2,0.0,0.0,0.0,0,0.0,0.0,1
15,1,0,0.0,0.0,0.0,0,0.0,0.0,1
15,2,75,5.0,99.0,40000.0,40000,14.0,0.0,1
15,1,65,0.0,0.0,45000.0,45000,14.0,0.0,1
15,2,50,99.0,0.0,48000.0,48000,14.0,0.0,1
15,2,48,99.0,0.0,20000.0,20000,14.0,0.0,1
15,1,75,0.0,0.0,0.0,0,0.0,0.0,2
15,2,75,5.0,18.0,200000.0,200000,84.0,0.0,1
15,1,47,0.0,0.0,245000.0,245000,60.0,0.0,2
15,2,67,1.0,20.0,0.0,0,0.0,0.0,1
15,1,75,0.0,0.0,0.0,0,0.0,0.0,1
15,1,50,0.0,0.0,245000.0,245000,60.0,0.0,2
15,2,49,0.0,0.0,245000.0,245000,60.0,0.0,1
15,1,12,0.0,0.0,0.0,0,0.0,0.0,1
15,1,47,0.0,0.0,250000.0,250000,50.0,0.0,1
15,2,46,3.0,19.0,0.0,0,0.0,0.0,1
15,1,19,0.0,0.0,0.0,0,0.0,0.0,3
15,2,8,0.0,0.0,0.0,0,0.0,0.0,1
15,2,22,0.0,0.0,210000.0,210000,45.0,0.0,1
15,1,14,0.0,0.0,0.0,0,0.0,0.0,1
15,1,9,0.0,0.0,0.0,0,0.0,0.0,1
15,2,72,4.0,25.0,0.0,0,0.0,0.0,1
15,1,73,0.0,0.0,0.0,0,0.0,0.0,1
15,1,93,0.0,0.0,80000.0,80000,21.0,0.0,1
15,1,50,0.0,0.0,80000.0,80000,56.0,0.0,1
15,2,55,2.0,25.0,250000.0,250000,50.0,0.0,2
15,2,77,1.0,35.0,0.0,0,0.0,0.0,1
15,1,61,0.0,0.0,300000.0,300000,49.0,0.0,2
15,2,57,2.0,21.0,0.0,0,0.0,0.0,2
15,2,92,10.0,23.0,0.0,0,0.0,0.0,1
15,2,53,6.0,20.0,150000.0,150000,80.0,0.0,1
15,1,64,0.0,0.0,150000.0,150000,80.0,0.0,3
15,1,24,0.0,0.0,0.0,0,0.0,0.0,3
15,1,22,0.0,0.0,150000.0,150000,80.0,0.0,2
15,2,18,0.0,0.0,0.0,0,0.0,0.0,2
15,1,13,0.0,0.0,0.0,0,0.0,0.0,1
15,1,20,0.0,0.0,180000.0,180000,45.0,0.0,2
15,1,82,0.0,0.0,350000.0,350000,42.0,0.0,1
15,1,55,0.0,0.0,250000.0,250000,84.0,0.0,2
15,1,10,0.0,0.0,0.0,0,0.0,0.0,1
15,1,61,0.0,0.0,400000.0,400000,84.0,0.0,2
15,2,56,2.0,25.0,0.0,0,0.0,0.0,2
15,1,70,0.0,0.0,0.0,0,70.0,0.0,1
15,2,80,10.0,21.0,0.0,0,0.0,0.0,1
15,1,57,0.0,0.0,400000.0,400000,84.0,0.0,2
15,2,35,2.0,22.0,0.0,0,0.0,0.0,2
15,1,13,0.0,0.0,0.0,0,0.0,0.0,1
15,1,5,0.0,0.0,0.0,0,0.0,0.0,1
15,1,54,0.0,0.0,200000.0,200000,30.0,0.0,2
15,2,66,3.0,20.0,0.0,0,0.0,0.0,2
15,1,65,0.0,0.0,0.0,0,0.0,0.0,1
15,2,60,3.0,21.0,70000.0,70000,24.0,0.0,1
15,2,40,2.0,20.0,70000.0,70000,40.0,0.0,2
15,1,40,0.0,0.0,70000.0,70000,40.0,0.0,2
15,1,37,0.0,0.0,580000.0,580000,96.0,0.0,2
15,2,73,6.0,14.0,500000.0,500000,50.0,0.0,2
15,1,40,0.0,0.0,170000.0,170000,58.0,0.0,1
15,1,69,0.0,0.0,50000.0,50000,84.0,0.0,3
15,2,52,6.0,25.0,50000.0,50000,84.0,0.0,3
15,1,17,0.0,0.0,0.0,0,56.0,0.0,2
15,2,14,0.0,0.0,0.0,0,56.0,0.0,1
15,1,62,0.0,0.0,300000.0,300000,60.0,0.0,2
15,2,61,3.0,14.0,200000.0,200000,54.0,0.0,1
15,1,38,0.0,0.0,190000.0,190000,54.0,0.0,2
15,1,3,0.0,0.0,0.0,0,0.0,0.0,1
15,2,55,4.0,18.0,0.0,0,0.0,0.0,2
15,1,17,0.0,0.0,0.0,0,0.0,0.0,2
15,2,14,0.0,0.0,0.0,0,0.0,0.0,2
15,1,46,0.0,0.0,228000.0,228000,32.0,5.0,2
15,2,47,3.0,23.0,228000.0,228000,32.0,0.0,2
15,1,23,0.0,0.0,64000.0,64000,16.0,0.0,3
15,1,19,0.0,0.0,0.0,0,0.0,0.0,3
15,1,10,0.0,0.0,0.0,0,0.0,0.0,1
15,2,45,5.0,18.0,0.0,0,0.0,0.0,2
15,2,16,0.0,0.0,0.0,0,0.0,0.0,1
15,1,13,0.0,0.0,0.0,0,0.0,0.0,1
15,1,76,0.0,0.0,100000.0,100000,35.0,0.0,2
15,2,64,3.0,22.0,100000.0,100000,35.0,0.0,1
15,1,64,0.0,0.0,200000.0,200000,45.0,0.0,1
15,2,89,1.0,39.0,0.0,0,0.0,0.0,2
15,1,45,0.0,0.0,535000.0,535000,30.0,0.0,3
15,1,67,0.0,0.0,80000.0,80000,6.0,0.0,1
15,1,50,0.0,0.0,0.0,0,28.0,0.0,2
15,2,53,2.0,22.0,250000.0,250000,70.0,0.0,2
15,1,25,0.0,0.0,0.0,0,0.0,0.0,3
15,1,52,0.0,0.0,1500000.0,1500000,60.0,0.0,2
15,2,32,2.0,24.0,1500000.0,1500000,50.0,0.0,2
15,1,8,0.0,0.0,0.0,0,0.0,0.0,1
15,1,3,0.0,0.0,0.0,0,0.0,0.0,1
15,1,53,0.0,0.0,228000.0,228000,45.0,0.0,2
15,2,51,3.0,23.0,431731.0,431731,45.0,0.0,1
15,2,27,0.0,0.0,0.0,0,0.0,0.0,3
15,2,22,0.0,0.0,340000.0,340000,84.0,0.0,3
15,1,17,0.0,0.0,0.0,0,0.0,0.0,2
15,1,46,0.0,0.0,0.0,0,0.0,0.0,2
15,2,37,2.0,18.0,0.0,0,0.0,0.0,2
15,1,18,0.0,0.0,0.0,0,0.0,0.0,2
15,1,14,0.0,0.0,0.0,0,0.0,0.0,2
15,2,60,3.0,18.0,0.0,0,0.0,0.0,2
15,2,25,0.0,0.0,300000.0,300000,45.0,0.0,2
15,2,52,1.0,18.0,30000.0,30000,45.0,0.0,1
15,1,59,0.0,0.0,10000.0,10000,45.0,0.0,1
15,1,25,0.0,0.0,10000.0,10000,45.0,0.0,3
15,1,57,0.0,0.0,300000.0,300000,45.0,0.0,1
15,2,52,4.0,27.0,200000.0,200000,45.0,0.0,2
15,1,25,0.0,0.0,280000.0,280000,60.0,0.0,2
15,2,22,0.0,0.0,0.0,0,0.0,0.0,2
15,1,24,0.0,0.0,290000.0,290000,45.0,0.0,2
15,2,21,0.0,0.0,0.0,0,0.0,0.0,3
15,1,22,0.0,0.0,350000.0,350000,45.0,0.0,3
15,1,13,0.0,0.0,0.0,0,0.0,0.0,1
15,2,71,6.0,13.0,0.0,0,0.0,0.0,1
15,1,67,0.0,0.0,280000.0,280000,50.0,0.0,1
15,2,57,3.0,22.0,100000.0,100000,20.0,0.0,2
15,1,16,0.0,0.0,0.0,0,0.0,0.0,2
15,1,6,0.0,0.0,0.0,0,0.0,0.0,1
15,2,63,1.0,30.0,0.0,0,0.0,0.0,1
15,1,30,0.0,0.0,0.0,0,70.0,0.0,2
15,1,53,0.0,0.0,350000.0,350000,54.0,0.0,2
15,2,54,4.0,19.0,0.0,0,0.0,0.0,2
15,1,26,0.0,0.0,200000.0,200000,30.0,0.0,2
15,1,15,0.0,0.0,0.0,0,0.0,0.0,2
15,2,47,2.0,17.0,60000.0,60000,18.0,0.0,1
15,1,19,0.0,0.0,0.0,0,0.0,0.0,2
15,1,11,0.0,0.0,0.0,0,0.0,0.0,1
15,2,36,2.0,34.0,200000.0,200000,35.0,0.0,2
15,1,3,0.0,0.0,0.0,0,0.0,0.0,1
15,1,1,0.0,0.0,0.0,0,0.0,0.0,1
15,1,38,0.0,0.0,0.0,0,0.0,0.0,3
15,2,35,3.0,23.0,0.0,0,0.0,0.0,3
15,2,12,0.0,0.0,0.0,0,0.0,0.0,1
15,2,10,0.0,0.0,0.0,0,0.0,0.0,1
15,2,4,0.0,0.0,0.0,0,0.0,0.0,1
15,2,89,1.0,38.0,0.0,0,0.0,0.0,1
15,2,32,0.0,0.0,0.0,0,0.0,0.0,2
15,2,58,2.0,21.0,230000.0,230000,45.0,0.0,2
15,2,41,2.0,20.0,50000.0,50000,20.0,0.0,3
15,1,12,0.0,0.0,0.0,0,0.0,0.0,1
15,1,45,0.0,0.0,300000.0,300000,45.0,0.0,3
15,2,43,1.0,39.0,300000.0,300000,30.0,0.0,2
15,1,4,0.0,0.0,0.0,0,0.0,0.0,1
15,1,56,0.0,0.0,400000.0,400000,45.0,0.0,2
15,1,55,0.0,0.0,180000.0,180000,48.0,0.0,3
15,2,52,3.0,25.0,0.0,0,5.0,0.0,3
15,1,26,0.0,0.0,0.0,0,0.0,0.0,3
15,1,66,0.0,0.0,200000.0,200000,45.0,0.0,1
15,1,49,0.0,0.0,240000.0,240000,45.0,0.0,2
15,2,40,2.0,25.0,0.0,0,0.0,0.0,3
15,1,1,0.0,0.0,0.0,0,0.0,0.0,1
15,1,32,0.0,0.0,240000.0,240000,45.0,0.0,2
15,2,34,3.0,17.0,240000.0,240000,20.0,0.0,2
15,1,16,0.0,0.0,0.0,0,0.0,0.0,2
15,1,12,0.0,0.0,0.0,0,0.0,0.0,1
15,1,5,0.0,0.0,0.0,0,0.0,0.0,1
15,1,46,0.0,0.0,50000.0,50000,48.0,0.0,2
15,2,46,7.0,14.0,50000.0,50000,48.0,0.0,1
15,2,18,0.0,0.0,0.0,0,0.0,0.0,2
15,1,46,0.0,0.0,300000.0,300000,70.0,0.0,1
15,2,42,3.0,22.0,300000.0,300000,70.0,0.0,1
15,2,20,0.0,0.0,0.0,0,0.0,0.0,3
15,1,18,0.0,0.0,0.0,0,0.0,0.0,2
15,2,5,0.0,0.0,0.0,0,0.0,0.0,1
15,1,60,0.0,0.0,295000.0,295000,45.0,0.0,3
15,1,58,0.0,0.0,400000.0,400000,48.0,0.0,2
15,2,54,3.0,19.0,0.0,0,0.0,0.0,2
15,1,24,0.0,0.0,0.0,0,0.0,0.0,3
15,2,28,1.0,24.0,245000.0,245000,45.0,0.0,3
15,1,4,0.0,0.0,0.0,0,0.0,0.0,1
15,1,65,0.0,0.0,0.0,0,48.0,0.0,1
15,2,65,4.0,18.0,0.0,0,40.0,0.0,1
15,2,31,0.0,0.0,0.0,0,0.0,0.0,2
15,1,34,0.0,0.0,250000.0,250000,45.0,0.0,2
15,1,51,0.0,0.0,250000.0,250000,30.0,0.0,1
15,2,56,3.0,26.0,0.0,0,0.0,0.0,1
15,1,30,0.0,0.0,250000.0,250000,30.0,0.0,2
15,1,14,0.0,0.0,0.0,0,0.0,0.0,1
15,2,30,3.0,24.0,0.0,0,0.0,0.0,1
15,1,35,0.0,0.0,300000.0,300000,70.0,0.0,2
15,2,3,0.0,0.0,0.0,0,0.0,0.0,1
15,1,1,0.0,0.0,0.0,0,0.0,0.0,1
15,1,50,0.0,0.0,2000000.0,2000000,84.0,0.0,3
15,2,50,3.0,22.0,0.0,0,0.0,0.0,3
15,1,56,0.0,0.0,250000.0,250000,40.0,0.0,2
15,2,51,6.0,18.0,0.0,0,0.0,0.0,1
15,1,10,0.0,0.0,0.0,0,0.0,0.0,1
15,2,17,0.0,0.0,0.0,0,0.0,0.0,2
15,1,23,0.0,0.0,240000.0,240000,48.0,0.0,2
15,2,28,1.0,25.0,240000.0,240000,48.0,0.0,3
15,2,3,0.0,0.0,0.0,0,0.0,0.0,1
15,2,51,2.0,25.0,180000.0,180000,14.0,0.0,2
15,1,22,0.0,0.0,0.0,0,0.0,0.0,2
15,2,50,4.0,23.0,800000.0,800000,70.0,0.0,2
15,2,14,0.0,0.0,0.0,0,0.0,0.0,2
15,1,4,0.0,0.0,0.0,0,0.0,0.0,1
15,2,66,4.0,22.0,0.0,0,30.0,0.0,1
15,1,51,0.0,0.0,400000.0,400000,56.0,0.0,1
15,2,49,3.0,19.0,0.0,0,0.0,0.0,1
15,2,19,0.0,0.0,0.0,0,0.0,0.0,3
15,1,25,0.0,0.0,200000.0,200000,45.0,0.0,3
15,2,60,3.0,18.0,500000.0,500000,45.0,0.0,1
15,1,22,0.0,0.0,0.0,0,0.0,0.0,3
15,1,62,0.0,0.0,80000.0,80000,45.0,0.0,1
15,1,45,0.0,0.0,350000.0,350000,70.0,0.0,1
15,2,28,2.0,25.0,0.0,0,0.0,0.0,1
15,2,3,0.0,0.0,0.0,0,0.0,0.0,1
15,1,1,0.0,0.0,0.0,0,0.0,0.0,1
15,2,50,3.0,21.0,0.0,0,0.0,0.0,2
15,1,57,0.0,0.0,1200000.0,1200000,100.0,0.0,2
15,1,72,0.0,0.0,200000.0,200000,50.0,0.0,1
15,2,60,3.0,22.0,0.0,0,50.0,0.0,1
15,1,33,0.0,0.0,300000.0,300000,50.0,0.0,2
15,2,32,4.0,20.0,0.0,0,20.0,0.0,2
15,2,12,0.0,0.0,0.0,0,0.0,0.0,1
15,2,10,0.0,0.0,0.0,0,0.0,0.0,1
15,2,2,0.0,0.0,0.0,0,0.0,0.0,1
15,2,1,0.0,0.0,0.0,0,0.0,0.0,1
15,1,65,0.0,0.0,0.0,0,0.0,0.0,1
15,2,67,9.0,13.0,90000.0,90000,36.0,0.0,1
15,2,53,3.0,14.0,30000.0,30000,36.0,0.0,1
15,2,19,1.0,18.0,0.0,0,0.0,0.0,2
15,1,21,0.0,0.0,200000.0,200000,56.0,0.0,2
15,1,0,0.0,0.0,0.0,0,0.0,0.0,1
15,2,51,1.0,25.0,100000.0,100000,50.0,0.0,2
15,2,26,2.0,16.0,150000.0,150000,50.0,0.0,2
15,2,9,0.0,0.0,0.0,0,0.0,0.0,1
15,2,6,0.0,0.0,0.0,0,0.0,0.0,1
15,1,55,0.0,0.0,120000.0,120000,50.0,0.0,3
15,1,43,0.0,0.0,90000.0,90000,50.0,0.0,3
15,1,48,0.0,0.0,90000.0,90000,50.0,0.0,3
15,1,50,0.0,0.0,80000.0,80000,42.0,0.0,1
15,1,69,0.0,0.0,0.0,0,0.0,0.0,1
15,2,57,6.0,15.0,105000.0,105000,30.0,0.0,2
15,1,60,0.0,0.0,0.0,0,35.0,0.0,1
15,1,61,0.0,0.0,300000.0,300000,56.0,0.0,1
15,2,45,1.0,27.0,120000.0,120000,60.0,0.0,2
15,2,16,0.0,0.0,0.0,0,0.0,0.0,2
15,1,83,0.0,0.0,50000.0,50000,25.0,0.0,2
15,2,64,1.0,19.0,0.0,0,25.0,0.0,1
15,2,92,5.0,20.0,0.0,0,0.0,0.0,1
15,2,65,0.0,0.0,0.0,0,0.0,0.0,1
15,2,67,8.0,19.0,42000.0,42000,4.0,0.0,1
15,1,64,0.0,0.0,0.0,0,0.0,0.0,1
15,2,85,14.0,18.0,0.0,0,0.0,0.0,1
15,2,55,2.0,23.0,60000.0,60000,28.0,0.0,1
15,1,92,0.0,0.0,0.0,0,0.0,0.0,1
15,2,85,5.0,20.0,0.0,0,0.0,0.0,1
15,1,53,0.0,0.0,80000.0,80000,42.0,0.0,1
15,2,83,3.0,20.0,150000.0,150000,28.0,0.0,1
15,1,75,0.0,0.0,60000.0,60000,35.0,0.0,1
15,1,57,0.0,0.0,200000.0,200000,60.0,0.0,2
15,2,72,1.0,35.0,0.0,0,0.0,0.0,1
15,1,80,0.0,0.0,40000.0,40000,30.0,0.0,1
15,2,60,2.0,30.0,50000.0,50000,45.0,0.0,2
15,2,86,7.0,15.0,50000.0,50000,35.0,0.0,1
15,1,87,0.0,0.0,50000.0,50000,35.0,0.0,1
15,1,70,0.0,0.0,0.0,0,40.0,0.0,1
15,1,68,0.0,0.0,0.0,0,0.0,0.0,1
15,2,58,4.0,15.0,142000.0,142000,30.0,0.0,1
15,2,91,6.0,16.0,0.0,0,0.0,0.0,1
15,2,18,1.0,17.0,0.0,0,0.0,0.0,2
15,1,58,0.0,0.0,90000.0,90000,30.0,0.0,2
15,2,16,0.0,0.0,0.0,0,0.0,0.0,2
15,2,1,0.0,0.0,0.0,0,0.0,0.0,1
15,1,86,0.0,0.0,50000.0,50000,35.0,0.0,1
15,2,70,3.0,23.0,180000.0,180000,50.0,0.0,1
15,1,70,0.0,0.0,0.0,0,0.0,0.0,1
15,2,67,2.0,22.0,0.0,0,0.0,0.0,1
15,1,72,0.0,0.0,120000.0,120000,35.0,0.0,1
15,2,68,6.0,16.0,30000.0,30000,6.0,0.0,1
15,2,30,2.0,27.0,214274.0,214274,25.0,0.0,2
15,2,3,0.0,0.0,0.0,0,0.0,0.0,1
15,1,2,0.0,0.0,0.0,0,0.0,0.0,1
15,1,69,0.0,0.0,20000.0,20000,45.0,0.0,1
15,1,53,0.0,0.0,250000.0,250000,70.0,0.0,1
15,2,60,5.0,16.0,0.0,0,0.0,0.0,1
15,2,83,7.0,18.0,0.0,0,0.0,0.0,1
15,1,64,0.0,0.0,40000.0,40000,45.0,0.0,1
15,2,65,5.0,23.0,40000.0,40000,28.0,0.0,1
15,1,75,0.0,0.0,200000.0,200000,30.0,0.0,1
15,1,75,0.0,0.0,50000.0,50000,56.0,0.0,2
15,2,68,2.0,28.0,0.0,0,0.0,0.0,1
15,1,50,0.0,0.0,50000.0,50000,48.0,0.0,2
15,2,55,1.0,18.0,50000.0,50000,56.0,0.0,2
15,1,52,0.0,0.0,2000000.0,2000000,84.0,0.0,2
15,2,50,3.0,22.0,0.0,0,0.0,0.0,2
15,1,39,0.0,0.0,200000.0,200000,56.0,0.0,2
15,2,33,5.0,18.0,0.0,0,0.0,0.0,2
15,1,15,0.0,0.0,0.0,0,0.0,0.0,2
15,1,13,0.0,0.0,0.0,0,0.0,0.0,1
15,2,6,0.0,0.0,0.0,0,0.0,0.0,1
15,1,5,0.0,0.0,0.0,0,0.0,0.0,1
15,1,3,0.0,0.0,0.0,0,0.0,0.0,1
15,2,80,4.0,20.0,0.0,0,0.0,0.0,1
15,1,81,0.0,0.0,0.0,0,0.0,0.0,1
15,1,57,0.0,0.0,250000.0,250000,45.0,0.0,1
15,2,22,0.0,0.0,250000.0,250000,45.0,0.0,2
15,2,34,4.0,20.0,250000.0,250000,45.0,0.0,2
15,1,35,0.0,0.0,0.0,0,0.0,0.0,1
15,2,49,99.0,0.0,0.0,0,0.0,0.0,1
15,2,39,0.0,0.0,250000.0,250000,45.0,0.0,1
15,2,29,0.0,0.0,250000.0,250000,45.0,0.0,3
15,1,39,0.0,0.0,300000.0,300000,48.0,0.0,2
15,2,36,2.0,28.0,0.0,0,0.0,0.0,2
15,2,7,0.0,0.0,0.0,0,0.0,0.0,1
15,1,0,0.0,0.0,0.0,0,0.0,0.0,1
15,1,66,0.0,0.0,0.0,0,0.0,0.0,2
15,2,30,1.0,22.0,0.0,0,0.0,0.0,2
15,2,8,0.0,0.0,0.0,0,0.0,0.0,1
15,2,52,4.0,18.0,240000.0,240000,20.0,0.0,1
15,2,31,2.0,25.0,30000.0,30000,45.0,0.0,2
15,2,6,0.0,0.0,0.0,0,0.0,0.0,1
15,1,3,0.0,0.0,0.0,0,0.0,0.0,1
15,1,43,0.0,0.0,250000.0,250000,48.0,0.0,2
15,2,40,8.0,19.0,0.0,0,0.0,0.0,1
15,1,21,0.0,0.0,0.0,0,0.0,0.0,3
15,1,18,0.0,0.0,0.0,0,0.0,0.0,2
15,2,16,0.0,0.0,0.0,0,0.0,0.0,2
15,2,13,0.0,0.0,0.0,0,0.0,0.0,1
15,2,12,0.0,0.0,0.0,0,0.0,0.0,1
15,2,8,0.0,0.0,0.0,0,0.0,0.0,1
15,2,0,0.0,0.0,0.0,0,0.0,0.0,1
15,2,59,2.0,23.0,200000.0,200000,72.0,0.0,1
15,1,59,0.0,0.0,0.0,0,72.0,0.0,2
15,2,72,0.0,0.0,0.0,0,70.0,0.0,1
15,1,40,0.0,0.0,0.0,0,84.0,0.0,2
15,2,33,2.0,27.0,0.0,0,0.0,0.0,1
15,2,6,0.0,0.0,0.0,0,0.0,0.0,1
15,1,5,0.0,0.0,0.0,0,0.0,0.0,1
15,2,85,1.0,45.0,0.0,0,0.0,0.0,1
15,2,37,5.0,18.0,0.0,0,0.0,0.0,1
15,1,40,0.0,0.0,230000.0,230000,48.0,0.0,1
15,2,19,0.0,0.0,0.0,0,0.0,0.0,2
15,2,18,0.0,0.0,0.0,0,0.0,0.0,2
15,1,17,0.0,0.0,0.0,0,0.0,0.0,1
15,1,14,0.0,0.0,0.0,0,0.0,0.0,1
15,1,4,0.0,0.0,0.0,0,0.0,0.0,1
15,1,83,0.0,0.0,0.0,0,0.0,0.0,1
15,2,85,10.0,25.0,0.0,0,0.0,0.0,1
15,1,75,0.0,0.0,0.0,0,48.0,0.0,1
15,2,74,6.0,20.0,100000.0,100000,30.0,5.0,1
15,2,38,2.0,26.0,72000.0,72000,22.0,0.0,2
15,1,41,0.0,0.0,0.0,0,0.0,0.0,2
15,2,12,0.0,0.0,0.0,0,0.0,0.0,1
15,1,10,0.0,0.0,0.0,0,0.0,0.0,1
15,2,41,3.0,28.0,200000.0,200000,70.0,0.0,1
15,1,47,0.0,0.0,0.0,0,70.0,0.0,2
15,1,13,0.0,0.0,0.0,0,6.0,0.0,1
15,1,12,0.0,0.0,0.0,0,6.0,0.0,1
15,1,6,0.0,0.0,0.0,0,0.0,0.0,1
15,2,80,4.0,20.0,0.0,0,0.0,0.0,1
15,2,50,1.0,35.0,0.0,0,0.0,0.0,1
15,1,15,0.0,0.0,0.0,0,0.0,0.0,1
15,2,61,7.0,18.0,300000.0,300000,60.0,0.0,1
15,1,66,0.0,0.0,0.0,0,0.0,0.0,1
15,2,54,4.0,24.0,0.0,0,0.0,0.0,1
15,2,39,0.0,0.0,600000.0,600000,45.0,0.0,3
15,2,36,2.0,24.0,270000.0,270000,45.0,0.0,2
15,1,33,0.0,0.0,280000.0,280000,45.0,0.0,2
15,2,17,0.0,0.0,0.0,0,0.0,0.0,2
15,2,13,0.0,0.0,0.0,0,0.0,0.0,1
15,1,11,0.0,0.0,0.0,0,0.0,0.0,1
15,1,44,0.0,0.0,380000.0,380000,40.0,0.0,1
15,2,48,2.0,26.0,200000.0,200000,30.0,0.0,2
15,2,17,0.0,0.0,0.0,0,0.0,0.0,2
15,1,22,0.0,0.0,0.0,0,0.0,0.0,2
15,2,19,1.0,18.0,0.0,0,0.0,0.0,2
15,1,22,0.0,0.0,300000.0,300000,45.0,0.0,2
15,1,0,0.0,0.0,0.0,0,0.0,0.0,1
15,1,55,0.0,0.0,400000.0,400000,84.0,0.0,1
15,2,57,2.0,28.0,0.0,0,0.0,0.0,2
15,1,89,0.0,0.0,0.0,0,0.0,0.0,2
15,1,44,0.0,0.0,400000.0,400000,48.0,0.0,2
15,1,58,0.0,0.0,200000.0,200000,40.0,0.0,1
15,2,53,6.0,16.0,0.0,0,0.0,0.0,1
15,2,16,0.0,0.0,0.0,0,0.0,0.0,2
15,2,41,3.0,30.0,200000.0,200000,48.0,0.0,1
15,1,47,0.0,0.0,150000.0,150000,48.0,0.0,2
15,1,13,0.0,0.0,0.0,0,0.0,0.0,1
15,1,11,0.0,0.0,0.0,0,0.0,0.0,1
15,1,6,0.0,0.0,0.0,0,0.0,0.0,1
15,1,28,0.0,0.0,200000.0,200000,48.0,0.0,1
15,2,29,1.0,28.0,0.0,0,0.0,0.0,1
15,1,0,0.0,0.0,0.0,0,0.0,0.0,1
15,1,70,0.0,0.0,0.0,0,0.0,0.0,1
15,1,35,0.0,0.0,450000.0,450000,45.0,0.0,2
15,2,30,2.0,18.0,0.0,0,0.0,0.0,2
15,2,11,0.0,0.0,0.0,0,0.0,0.0,1
15,1,8,0.0,0.0,0.0,0,0.0,0.0,1
15,1,83,0.0,0.0,0.0,0,0.0,0.0,1
15,2,56,3.0,23.0,250000.0,250000,98.0,0.0,2
15,1,50,0.0,0.0,380000.0,380000,84.0,0.0,2
15,2,35,1.0,24.0,650000.0,650000,44.0,0.0,3
15,2,11,0.0,0.0,0.0,0,0.0,0.0,1
15,1,38,0.0,0.0,150000.0,150000,30.0,0.0,2
15,1,62,0.0,0.0,340000.0,340000,44.0,2.0,2
15,2,54,3.0,20.0,150000.0,150000,44.0,0.0,2
15,2,20,0.0,0.0,0.0,0,0.0,0.0,3
15,1,13,0.0,0.0,0.0,0,0.0,0.0,1
15,2,69,0.0,0.0,0.0,0,0.0,0.0,3
15,2,50,1.0,34.0,150000.0,150000,30.0,0.0,1
15,2,80,1.0,30.0,0.0,0,0.0,0.0,1
15,1,16,0.0,0.0,0.0,0,0.0,0.0,1
15,1,38,0.0,0.0,800000.0,800000,72.0,0.0,3
15,2,36,3.0,21.0,800000.0,800000,72.0,0.0,3
15,2,13,99.0,0.0,0.0,0,0.0,0.0,1
15,1,7,0.0,0.0,0.0,0,0.0,0.0,1
15,2,4,0.0,0.0,0.0,0,0.0,0.0,1
15,2,34,3.0,18.0,250000.0,250000,44.0,0.0,2
15,1,41,0.0,0.0,300000.0,300000,44.0,0.0,2
15,2,17,0.0,0.0,0.0,0,0.0,0.0,2
15,2,15,0.0,0.0,0.0,0,0.0,0.0,1
15,1,1,0.0,0.0,0.0,0,0.0,0.0,1
15,1,29,0.0,0.0,0.0,0,0.0,0.0,2
15,2,25,2.0,19.0,400000.0,400000,60.0,0.0,2
15,1,6,0.0,0.0,0.0,0,0.0,0.0,1
15,2,4,0.0,0.0,0.0,0,0.0,0.0,1
15,1,75,0.0,0.0,0.0,0,40.0,0.0,1
15,2,70,5.0,20.0,0.0,0,0.0,0.0,1
15,2,33,2.0,21.0,600000.0,600000,50.0,0.0,3
15,1,38,0.0,0.0,500000.0,500000,44.0,0.0,2
15,1,12,0.0,0.0,0.0,0,0.0,0.0,1
15,1,10,0.0,0.0,0.0,0,0.0,0.0,1
15,1,45,0.0,0.0,300000.0,300000,82.0,0.0,2
15,2,40,2.0,24.0,0.0,0,0.0,0.0,1
15,2,16,0.0,0.0,0.0,0,0.0,0.0,2
15,2,6,0.0,0.0,0.0,0,0.0,0.0,1
15,2,52,3.0,18.0,280000.0,280000,44.0,0.0,1
15,1,24,0.0,0.0,300000.0,300000,44.0,0.0,2
15,1,33,0.0,0.0,300000.0,300000,44.0,0.0,1
15,2,38,0.0,0.0,150000.0,150000,30.0,0.0,1
15,2,30,1.0,22.0,300000.0,300000,44.0,0.0,2
15,1,30,0.0,0.0,500000.0,500000,44.0,0.0,2
15,2,8,0.0,0.0,0.0,0,0.0,0.0,1
15,1,68,0.0,0.0,0.0,0,40.0,0.0,1
15,2,63,3.0,22.0,0.0,0,0.0,0.0,1
15,1,57,0.0,0.0,300000.0,300000,44.0,0.0,1
15,2,59,1.0,42.0,180000.0,180000,30.0,0.0,1
15,2,17,0.0,0.0,0.0,0,0.0,0.0,2
15,2,42,3.0,16.0,0.0,0,0.0,0.0,1
15,1,43,0.0,0.0,280000.0,280000,80.0,0.0,1
15,1,9,0.0,0.0,0.0,0,0.0,0.0,1
15,2,6,0.0,0.0,0.0,0,0.0,0.0,1
15,2,23,1.0,22.0,0.0,0,0.0,0.0,1
15,2,0,0.0,0.0,0.0,0,0.0,0.0,1
15,1,70,0.0,0.0,0.0,0,0.0,0.0,1
15,1,53,0.0,0.0,280000.0,280000,44.0,2.0,2
15,2,43,3.0,23.0,0.0,0,0.0,0.0,1
15,1,94,0.0,0.0,0.0,0,0.0,0.0,1
15,2,77,5.0,20.0,15000.0,15000,10.0,0.0,1
15,2,43,4.0,18.0,50000.0,50000,60.0,0.0,1
15,1,60,0.0,0.0,300000.0,300000,30.0,0.0,1
15,2,11,0.0,0.0,0.0,0,0.0,0.0,1
15,1,27,0.0,0.0,1000000.0,1000000,84.0,0.0,2
15,2,26,0.0,0.0,500000.0,500000,45.0,0.0,2
15,2,52,3.0,18.0,230000.0,230000,45.0,0.0,1
15,1,23,0.0,0.0,184000.0,184000,45.0,0.0,3
15,2,23,2.0,21.0,0.0,0,0.0,0.0,2
15,1,2,0.0,0.0,0.0,0,0.0,0.0,1
15,1,0,0.0,0.0,0.0,0,0.0,0.0,1
15,1,94,0.0,0.0,0.0,0,0.0,0.0,1
15,2,85,5.0,20.0,0.0,0,0.0,0.0,1
15,1,55,0.0,0.0,300000.0,300000,45.0,0.0,1
15,2,43,3.0,31.0,0.0,0,0.0,0.0,1
15,1,11,0.0,0.0,0.0,0,0.0,0.0,1
15,2,9,0.0,0.0,0.0,0,0.0,0.0,1
15,2,8,0.0,0.0,0.0,0,0.0,0.0,1
15,1,45,0.0,0.0,280000.0,280000,44.0,0.0,2
15,2,45,3.0,28.0,0.0,0,0.0,0.0,2
15,2,17,0.0,0.0,0.0,0,0.0,0.0,2
15,1,10,0.0,0.0,0.0,0,0.0,0.0,1
15,1,53,0.0,0.0,580000.0,580000,45.0,0.0,2
15,2,44,4.0,27.0,150000.0,150000,25.0,0.0,1
15,2,17,0.0,0.0,0.0,0,0.0,0.0,2
15,1,11,0.0,0.0,0.0,0,0.0,0.0,1
15,1,6,0.0,0.0,0.0,0,0.0,0.0,1
15,1,3,0.0,0.0,0.0,0,0.0,0.0,1
15,2,80,4.0,21.0,0.0,0,0.0,0.0,1
15,2,38,2.0,30.0,350000.0,350000,45.0,0.0,3
15,2,8,0.0,0.0,0.0,0,0.0,0.0,1
15,1,2,0.0,0.0,0.0,0,0.0,0.0,1
15,1,40,0.0,0.0,150000.0,150000,50.0,0.0,1
15,2,39,5.0,18.0,0.0,0,0.0,0.0,1
15,2,21,0.0,0.0,0.0,0,0.0,0.0,2
15,1,16,0.0,0.0,0.0,0,0.0,0.0,2
15,1,14,0.0,0.0,0.0,0,0.0,0.0,1
15,2,10,0.0,0.0,0.0,0,0.0,0.0,1
15,1,6,0.0,0.0,0.0,0,0.0,0.0,1
15,1,55,0.0,0.0,800000.0,800000,77.0,0.0,2
15,2,55,3.0,20.0,205000.0,205000,45.0,0.0,1
15,1,57,0.0,0.0,150000.0,150000,30.0,0.0,2
15,1,23,0.0,0.0,370000.0,370000,45.0,0.0,3
15,2,23,2.0,20.0,0.0,0,0.0,0.0,2
15,1,2,0.0,0.0,0.0,0,0.0,0.0,1
15,1,0,0.0,0.0,0.0,0,0.0,0.0,1
15,1,40,0.0,0.0,190000.0,190000,40.0,0.0,1
15,1,66,0.0,0.0,263800.0,263800,60.0,0.0,3
15,2,61,4.0,18.0,263800.0,263800,60.0,0.0,2
15,2,77,4.0,25.0,100000.0,100000,40.0,0.0,1
15,2,31,3.0,21.0,235000.0,235000,45.0,0.0,2
15,1,10,0.0,0.0,0.0,0,0.0,0.0,1
15,1,9,0.0,0.0,0.0,0,0.0,0.0,1
15,1,8,0.0,0.0,0.0,0,0.0,0.0,1
15,2,74,4.0,18.0,0.0,0,72.0,0.0,1
15,1,30,0.0,0.0,200000.0,200000,72.0,0.0,2
15,2,81,0.0,0.0,0.0,0,0.0,0.0,1
15,2,51,0.0,0.0,150000.0,150000,60.0,0.0,1
15,1,56,0.0,0.0,150000.0,150000,20.0,0.0,1
15,2,34,2.0,19.0,0.0,0,0.0,0.0,2
15,2,15,0.0,0.0,0.0,0,0.0,0.0,2
15,1,11,0.0,0.0,0.0,0,0.0,0.0,1
15,1,63,0.0,0.0,300000.0,300000,60.0,0.0,1
15,1,70,0.0,0.0,500000.0,500000,60.0,0.0,1
15,1,59,0.0,0.0,150000.0,150000,35.0,0.0,1
15,2,57,11.0,18.0,0.0,0,0.0,0.0,1
15,2,57,1.0,33.0,150000.0,150000,12.0,0.0,1
15,1,74,0.0,0.0,150000.0,150000,50.0,0.0,1
15,1,50,0.0,0.0,40000.0,40000,48.0,0.0,1
15,1,17,0.0,0.0,0.0,0,0.0,0.0,2
15,2,15,0.0,0.0,0.0,0,0.0,0.0,1
15,2,11,0.0,0.0,0.0,0,0.0,0.0,1
15,1,7,0.0,0.0,0.0,0,0.0,0.0,1
15,2,42,5.0,25.0,40000.0,40000,48.0,0.0,1
15,1,3,0.0,0.0,0.0,0,0.0,0.0,1
15,1,52,0.0,0.0,153000.0,153000,25.0,0.0,1
15,1,74,0.0,0.0,0.0,0,0.0,0.0,1
15,1,52,0.0,0.0,60000.0,60000,48.0,5.0,1
15,2,30,2.0,17.0,200000.0,200000,25.0,0.0,1
15,2,13,0.0,0.0,0.0,0,0.0,0.0,1
15,1,12,0.0,0.0,0.0,0,0.0,0.0,1
15,1,44,0.0,0.0,200000.0,200000,84.0,0.0,1
15,2,43,8.0,19.0,0.0,0,0.0,0.0,1
15,1,21,0.0,0.0,180000.0,180000,45.0,0.0,2
15,1,20,0.0,0.0,200000.0,200000,45.0,0.0,2
15,1,18,0.0,0.0,200000.0,200000,45.0,0.0,2
15,2,17,0.0,0.0,0.0,0,0.0,0.0,2
15,1,14,0.0,0.0,0.0,0,0.0,0.0,2
15,1,9,0.0,0.0,0.0,0,0.0,0.0,1
15,2,60,4.0,27.0,300000.0,300000,50.0,0.0,1
15,1,45,0.0,0.0,0.0,0,0.0,0.0,1
15,1,33,0.0,0.0,40000.0,40000,48.0,0.0,2
15,2,30,1.0,23.0,40000.0,40000,48.0,0.0,1
15,1,7,0.0,0.0,0.0,0,0.0,0.0,1
15,1,74,0.0,0.0,80000.0,80000,42.0,0.0,1
15,2,59,0.0,0.0,80000.0,80000,42.0,0.0,1
15,1,47,0.0,0.0,140000.0,140000,48.0,0.0,1
15,1,68,0.0,0.0,0.0,0,0.0,0.0,1
15,2,66,4.0,14.0,0.0,0,0.0,0.0,1
15,2,71,3.0,24.0,0.0,0,0.0,0.0,1
15,1,59,0.0,0.0,450000.0,450000,55.0,0.0,1
15,2,65,5.0,18.0,700000.0,700000,45.0,2.0,1
15,1,42,0.0,0.0,0.0,0,45.0,0.0,2
15,2,40,3.0,23.0,0.0,0,45.0,0.0,2
15,1,38,0.0,0.0,0.0,0,45.0,0.0,2
15,2,55,4.0,22.0,1500000.0,1500000,98.0,0.0,1
15,1,31,0.0,0.0,300000.0,300000,80.0,0.0,3
15,1,61,0.0,0.0,80000.0,80000,42.0,0.0,2
15,2,59,2.0,17.0,80000.0,80000,35.0,0.0,1
15,2,61,3.0,24.0,0.0,0,0.0,0.0,1
15,1,50,0.0,0.0,50000.0,50000,42.0,0.0,1
15,2,23,0.0,0.0,950000.0,950000,48.0,0.0,3
15,1,56,0.0,0.0,70000.0,70000,42.0,0.0,1
15,2,88,11.0,20.0,0.0,0,0.0,0.0,1
15,1,52,0.0,0.0,50000.0,50000,92.0,0.0,1
15,2,53,3.0,24.0,0.0,0,0.0,0.0,1
15,2,62,3.0,17.0,50000.0,50000,28.0,0.0,1
15,1,51,0.0,0.0,90000.0,90000,45.0,0.0,1
15,1,48,0.0,0.0,450000.0,450000,45.0,0.0,1
15,2,40,3.0,16.0,0.0,0,0.0,0.0,1
15,1,60,0.0,0.0,175000.0,175000,45.0,0.0,1
15,1,68,0.0,0.0,150000.0,150000,60.0,0.0,1
15,2,38,6.0,19.0,0.0,0,0.0,0.0,1
15,1,34,0.0,0.0,1200000.0,1200000,44.0,0.0,3
15,2,17,0.0,0.0,0.0,0,0.0,0.0,2
15,1,13,0.0,0.0,0.0,0,0.0,0.0,1
15,1,11,0.0,0.0,0.0,0,0.0,0.0,1
15,2,10,0.0,0.0,0.0,0,0.0,0.0,1
15,1,9,0.0,0.0,0.0,0,0.0,0.0,1
15,1,4,0.0,0.0,0.0,0,0.0,0.0,1
15,2,70,3.0,20.0,150000.0,150000,60.0,0.0,1
15,2,84,4.0,18.0,0.0,0,0.0,0.0,1
15,1,80,0.0,0.0,0.0,0,0.0,0.0,1
15,2,44,3.0,20.0,170000.0,170000,45.0,0.0,1
15,1,11,0.0,0.0,0.0,0,0.0,0.0,1
15,2,14,0.0,0.0,0.0,0,0.0,0.0,1
15,1,22,0.0,0.0,200000.0,200000,30.0,0.0,2
15,2,20,2.0,18.0,130000.0,130000,45.0,0.0,2
15,2,1,0.0,0.0,0.0,0,0.0,0.0,1
15,1,2,0.0,0.0,0.0,0,0.0,0.0,1
15,1,33,0.0,0.0,380000.0,380000,40.0,0.0,2
15,1,57,0.0,0.0,600000.0,600000,40.0,0.0,1
15,1,43,0.0,0.0,680000.0,680000,45.0,0.0,3
15,2,41,2.0,17.0,450000.0,450000,45.0,0.0,3
15,2,87,2.0,28.0,90000.0,90000,42.0,0.0,1
15,2,42,3.0,18.0,80000.0,80000,30.0,0.0,1
15,1,23,0.0,0.0,0.0,0,0.0,0.0,3
15,1,15,0.0,0.0,0.0,0,0.0,0.0,2
15,2,13,0.0,0.0,0.0,0,0.0,0.0,1
15,2,35,4.0,17.0,200000.0,200000,56.0,0.0,1
15,2,10,0.0,0.0,0.0,0,0.0,0.0,1
15,1,8,0.0,0.0,0.0,0,0.0,0.0,1
15,1,78,0.0,0.0,150000.0,150000,60.0,0.0,1
15,2,50,3.0,21.0,150000.0,150000,60.0,0.0,2
15,1,69,0.0,0.0,0.0,0,0.0,0.0,1
15,1,84,0.0,0.0,0.0,0,0.0,0.0,1
15,2,82,3.0,22.0,0.0,0,0.0,0.0,1
15,2,67,4.0,15.0,0.0,0,0.0,0.0,1
15,2,71,0.0,0.0,0.0,0,0.0,0.0,1
15,1,33,0.0,0.0,200000.0,200000,48.0,2.0,3
15,1,40,0.0,0.0,250000.0,250000,48.0,0.0,1
15,1,30,0.0,0.0,280000.0,280000,48.0,0.0,3
15,1,25,0.0,0.0,280000.0,280000,48.0,0.0,2
15,1,33,0.0,0.0,280000.0,280000,48.0,0.0,2
15,1,32,0.0,0.0,200000.0,200000,40.0,0.0,3
15,2,32,1.0,22.0,100000.0,100000,42.0,0.0,2
15,2,84,6.0,19.0,0.0,0,0.0,0.0,1
15,1,86,0.0,0.0,0.0,0,0.0,0.0,1
15,2,84,5.0,26.0,0.0,0,0.0,0.0,1
15,2,46,0.0,0.0,180000.0,180000,42.0,0.0,2
15,2,53,1.0,20.0,50000.0,50000,50.0,0.0,2
15,2,89,5.0,35.0,0.0,0,0.0,0.0,1
15,2,79,2.0,19.0,0.0,0,0.0,0.0,1
15,2,86,6.0,20.0,0.0,0,24.0,0.0,1
15,1,80,0.0,0.0,0.0,0,20.0,0.0,1
15,2,80,5.0,20.0,0.0,0,48.0,0.0,1
15,1,80,0.0,0.0,300000.0,300000,35.0,0.0,2
15,2,40,0.0,0.0,60000.0,60000,35.0,0.0,1
15,2,82,4.0,20.0,0.0,0,0.0,0.0,1
15,2,33,3.0,26.0,130000.0,130000,25.0,0.0,2
15,1,6,0.0,0.0,0.0,0,0.0,0.0,1
15,2,4,0.0,0.0,0.0,0,0.0,0.0,1
15,2,2,0.0,0.0,0.0,0,0.0,0.0,1
